Datetime,Close_IJR,Close_SCHD,MACD_IJR,Signal_Line_IJR,MACD_SCHD,Signal_Line_SCHD,Position_IJR,Position_SCHD,Buy_IJR,Sell_IJR,Buy_SCHD,Sell_SCHD,Strategy_Returns_IJR,Strategy_Returns_SCHD,Cumulative_Strategy_Returns_IJR,Cumulative_Strategy_Returns_SCHD,Portfolio_Value_IJR,Portfolio_Value_SCHD,Total_Portfolio_Value,Buy_and_Hold_Returns_IJR,Buy_and_Hold_Returns_SCHD,Buy_and_Hold_Value_IJR,Buy_and_Hold_Value_SCHD,Total_Buy_and_Hold_Value
2024-07-01 09:30:00,106.88500213623047,78.25990295410156,0.0,0.0,0.0,0.0,0,0,0,0,0,0,,,,,,,,1.0,1.0,10000.0,10000.0,20000.0
2024-07-01 10:00:00,105.95999908447266,77.70999908447266,-0.07378941723425214,-0.01475788344685043,-0.043866975355015825,-0.008773395071003165,0,0,0,0,0,0,-0.0,-0.0,1.0,1.0,10000.0,10000.0,20000.0,0.9913458106070031,0.9929733637677596,9913.458106070031,9929.733637677597,19843.19174374763
2024-07-01 10:30:00,105.87999725341797,77.55999755859375,-0.1371426461231806,-0.03923483598211647,-0.08970171337728061,-0.024959058732258656,0,0,0,0,0,0,-0.0,-0.0,1.0,1.0,10000.0,10000.0,20000.0,0.9905973255112858,0.9910566539301959,9905.973255112858,9910.566539301959,19816.539794414817
2024-07-01 11:00:00,105.58000183105469,77.49500274658203,-0.20914674636856034,-0.07321721805940525,-0.12977465024037826,-0.045922177033882586,0,0,0,0,0,0,-0.0,-0.0,1.0,1.0,10000.0,10000.0,20000.0,0.9877906134715468,0.9902261544079842,9877.90613471547,9902.261544079842,19780.16767879531
2024-07-01 11:30:00,105.70999908447266,77.54000091552734,-0.252806625246933,-0.1091350994969108,-0.1561023149295977,-0.06795820461302561,0,0,0,0,0,0,0.0,0.0,1.0,1.0,10000.0,10000.0,20000.0,0.989006848217487,0.9908011381128797,9890.06848217487,9908.011381128797,19798.07986330367
2024-07-01 12:00:00,105.84500122070312,77.51629638671875,-0.27336269469452645,-0.14198061853643396,-0.17684141845226975,-0.08973484738087445,0,0,0,0,0,0,0.0,-0.0,1.0,1.0,10000.0,10000.0,20000.0,0.9902699078940765,0.9904982431703381,9902.699078940765,9904.98243170338,19807.681510644143
2024-07-01 12:30:00,105.72000122070312,77.45259857177734,-0.2963241428977028,-0.17284932340868775,-0.19615602418812728,-0.11101908274232503,0,0,0,0,0,0,-0.0,-0.0,1.0,1.0,10000.0,10000.0,20000.0,0.9891004266993185,0.989684316593164,9891.004266993185,9896.843165931641,19787.847432924827
2024-07-01 13:00:00,105.91999816894531,77.52999877929688,-0.29498279569968133,-0.19727601786688648,-0.202878778233881,-0.12939102184063622,0,0,0,0,0,0,0.0,0.0,1.0,1.0,10000.0,10000.0,20000.0,0.9909715680591444,0.9906733314602656,9909.715680591444,9906.733314602656,19816.4489951941
2024-07-01 13:30:00,105.87999725341797,77.50499725341797,-0.2937612115757986,-0.2165730566086689,-0.20782830807506514,-0.14507847908752203,0,0,0,0,0,0,-0.0,-0.0,1.0,1.0,10000.0,10000.0,20000.0,0.9905973255112858,0.9903538635726863,9905.973255112858,9903.538635726864,19809.51189083972
2024-07-01 14:00:00,105.80500030517578,77.46299743652344,-0.2954390864202594,-0.232346262570987,-0.21268814382173673,-0.15860041203436498,0,0,0,0,0,0,-0.0,-0.0,1.0,1.0,10000.0,10000.0,20000.0,0.9898956653462179,0.9898171926172015,9898.956653462179,9898.171926172015,19797.128579634194
2024-07-01 14:30:00,105.83999633789062,77.40499877929688,-0.29059512721948977,-0.24399603550068757,-0.21869858444107138,-0.17062004651570628,0,0,0,0,0,0,0.0,-0.0,1.0,1.0,10000.0,10000.0,20000.0,0.9902230829634271,0.9890760895102811,9902.23082963427,9890.76089510281,19792.991724737083
2024-07-01 15:00:00,105.77999877929688,77.32630157470703,-0.28827450713839653,-0.2528517298282294,-0.22719316723612337,-0.18193467065978972,0,0,0,0,0,0,-0.0,-0.0,1.0,1.0,10000.0,10000.0,20000.0,0.9896617548313728,0.9880705016981419,9896.617548313727,9880.70501698142,19777.322565295144
2024-07-01 15:30:00,105.80000305175781,77.41999816894531,-0.2815753955151479,-0.2585964629656131,-0.22378499903391003,-0.1903047363346138,0,0,0,0,0,0,0.0,0.0,1.0,1.0,10000.0,10000.0,20000.0,0.9898489117950359,0.9892677507452463,9898.48911795036,9892.677507452463,19791.166625402824
2024-07-02 09:30:00,106.31009674072266,77.38500213623047,-0.23242673292405414,-0.25336251695730133,-0.22135623169565122,-0.1965150354068213,1,0,1,0,0,0,0.0,-0.0,1.0,1.0,10000.0,10000.0,20000.0,0.9946212716095092,0.9888205736929649,9946.212716095091,9888.205736929649,19834.41845302474
2024-07-02 10:00:00,106.16059875488281,77.3499984741211,-0.20319697354875643,-0.24332940827559235,-0.21972308808955177,-0.2011566459433674,0,0,0,0,0,0,-0.0014062444718158096,-0.0,0.9985937555281842,1.0,9985.937555281842,10000.0,19985.937555281842,0.993222590944758,0.9883732991527715,9932.22590944758,9883.732991527715,19815.958900975296
2024-07-02 10:30:00,106.10030364990234,77.25499725341797,-0.18279039581956624,-0.23122160578438716,-0.22351803776376755,-0.20562892430744745,0,0,0,0,0,0,-0.0,-0.0,0.9985937555281842,1.0,9985.937555281842,10000.0,19985.937555281842,0.9926584790134729,0.9871593796727175,9926.58479013473,9871.593796727175,19798.178586861904
2024-07-02 11:00:00,106.19000244140625,77.26380157470703,-0.1575637957599838,-0.21649004377950648,-0.2232417358072496,-0.20915148660740787,0,0,0,0,0,0,0.0,0.0,0.9985937555281842,1.0,9985.937555281842,10000.0,19985.937555281842,0.9934976874123237,0.9872718807231498,9934.976874123236,9872.718807231498,19807.695681354737
2024-07-02 11:30:00,106.20999908447266,77.2249984741211,-0.1344085928959231,-0.2000737536027898,-0.22357659858541012,-0.21203650900300836,0,0,0,0,0,0,0.0,-0.0,0.9985937555281842,1.0,9985.937555281842,10000.0,19985.937555281842,0.9936847729965194,0.9867760572027872,9936.847729965193,9867.760572027872,19804.608301993067
2024-07-02 12:00:00,106.13999938964844,77.16699981689453,-0.12031935157362739,-0.18412287319695733,-0.2259177475084897,-0.21481275670410466,0,0,0,0,0,0,-0.0,-0.0,0.9985937555281842,1.0,9985.937555281842,10000.0,19985.937555281842,0.9930298663826335,0.9860349540958668,9930.298663826336,9860.349540958669,19790.648204785004
2024-07-02 12:30:00,105.95279693603516,77.05999755859375,-0.122843140551538,-0.17186692666787348,-0.2337132124550152,-0.2185928478542868,0,0,0,0,0,0,-0.0,-0.0,0.9985937555281842,1.0,9985.937555281842,10000.0,19985.937555281842,0.991278428389727,0.9846676861302582,9912.78428389727,9846.676861302582,19759.46114519985
2024-07-02 13:00:00,106.1166000366211,77.0999984741211,-0.11035363226183392,-0.15956426778666558,-0.2339664158046162,-0.22166756144435268,0,0,0,0,0,0,0.0,0.0,0.9985937555281842,1.0,9985.937555281842,10000.0,19985.937555281842,0.9928109455559536,0.9851788152528027,9928.109455559535,9851.788152528026,19779.897608087562
2024-07-02 13:30:00,106.11499786376953,77.15499877929688,-0.09943862237899737,-0.14753913870513194,-0.22711102182455534,-0.22275625352039322,0,0,0,0,0,0,-0.0,0.0,0.9985937555281842,1.0,9985.937555281842,10000.0,19985.937555281842,0.9927959558677883,0.9858816056103124,9927.959558677883,9858.816056103124,19786.775614781007
2024-07-02 14:00:00,106.2499008178711,77.28500366210938,-0.07899228356947674,-0.13382976767800092,-0.20878106697965393,-0.21996121621224535,0,1,0,0,1,0,0.0,0.0,0.9985937555281842,1.0,9985.937555281842,10000.0,19985.937555281842,0.9940580876113011,0.9875427996305598,9940.58087611301,9875.427996305598,19816.008872418606
2024-07-02 14:30:00,106.23999786376953,77.2770004272461,-0.06286285453231244,-0.11963638504886323,-0.19267915451783324,-0.21450480387336296,0,0,0,0,0,0,-0.0,-0.00010355482285118178,0.9985937555281842,0.9998964451771488,9985.937555281842,9998.964451771488,19984.90200705333,0.9939654370625465,0.9874405348108861,9939.654370625465,9874.405348108861,19814.059718734326
2024-07-02 15:00:00,106.45500183105469,77.39510345458984,-0.03235813804418797,-0.10218073564792819,-0.1684465980770966,-0.2052931627141097,0,0,0,0,0,0,0.0,0.0,0.9985937555281842,0.9998964451771488,9985.937555281842,9998.964451771488,19984.90200705333,0.9959769818348535,0.9889496476884349,9959.769818348535,9889.49647688435,19849.266295232883
2024-07-02 15:30:00,106.33999633789062,77.42500305175781,-0.0172639050589396,-0.08519736953013048,-0.14515620453234135,-0.19326577107775603,0,0,0,0,0,0,-0.0,0.0,0.9985937555281842,0.9998964451771488,9985.937555281842,9998.964451771488,19984.90200705333,0.9949010077424595,0.9893317028155094,9949.010077424595,9893.317028155094,19842.327105579687
2024-07-03 09:30:00,106.47000122070312,77.48999786376953,0.005129560496399677,-0.06713198352482445,-0.12006977211278524,-0.1786265712847619,0,0,0,0,0,0,0.0,0.0,0.9985937555281842,0.9998964451771488,9985.937555281842,9998.964451771488,19984.90200705333,0.9961173138678671,0.9901622023377211,9961.17313867867,9901.622023377211,19862.79516205588
2024-07-03 10:00:00,106.80000305175781,77.56500244140625,0.048940774329068404,-0.04391743195404589,-0.09306357217641903,-0.16151397146309332,0,0,0,0,0,0,0.0,0.0,0.9985937555281842,0.9998964451771488,9985.937555281842,9998.964451771488,19984.90200705333,0.9992047613531005,0.9911206060004589,9992.047613531005,9911.20606000459,19903.253673535597
2024-07-03 10:30:00,106.37999725341797,77.30500030517578,0.049203333739754385,-0.025293278815285834,-0.09158522614580988,-0.14752822239963664,0,0,0,0,0,0,-0.0,-0.0,0.9985937555281842,0.9998964451771488,9985.937555281842,9998.964451771488,19984.90200705333,0.9952752502903182,0.987798315447876,9952.752502903182,9877.98315447876,19830.73565738194
2024-07-03 11:00:00,106.36319732666016,77.19010162353516,0.04750815583024348,-0.010732991886179972,-0.09854897834789256,-0.13773237358928783,0,0,0,0,0,0,-0.0,-0.0,0.9985937555281842,0.9998964451771488,9985.937555281842,9998.964451771488,19984.90200705333,0.9951180727029856,0.9863301474933616,9951.180727029856,9863.301474933616,19814.482201963474
2024-07-03 11:30:00,106.3499984741211,77.19010162353516,0.04458572158655727,0.00033075080836747657,-0.10288184428003433,-0.13076226772743713,0,0,0,0,0,0,-0.0,0.0,0.9985937555281842,0.9998964451771488,9985.937555281842,9998.964451771488,19984.90200705333,0.994994586224291,0.9863301474933616,9949.94586224291,9863.301474933616,19813.247337176526
2024-07-03 12:00:00,106.36000061035156,77.19499969482422,0.042585856945819955,0.008781772035857973,-0.10471336780746299,-0.1255524877434423,0,0,0,0,0,0,0.0,0.0,0.9985937555281842,0.9998964451771488,9985.937555281842,9998.964451771488,19984.90200705333,0.9950881647061225,0.9863927347328568,9950.881647061226,9863.927347328568,19814.808994389794
2024-07-03 12:30:00,106.20500183105469,77.22989654541016,0.028169127531853633,0.012659243135057105,-0.10217121305646515,-0.12087623280604688,0,0,0,0,0,0,-0.0,0.0,0.9985937555281842,0.9998964451771488,9985.937555281842,9998.964451771488,19984.90200705333,0.9936380194453373,0.9868386444422824,9936.380194453373,9868.386444422824,19804.766638876197
2024-07-05 09:30:00,105.69999694824219,76.86000061035156,-0.02373233633628047,0.005380927240789591,-0.1285225201017539,-0.1224054902651883,0,0,0,0,0,0,-0.0,-0.0,0.9985937555281842,0.9998964451771488,9985.937555281842,9998.964451771488,19984.90200705333,0.9889132697356554,0.982112138005448,9889.132697356554,9821.121380054481,19710.254077411035
2024-07-05 10:00:00,105.30999755859375,76.7301025390625,-0.09523648485065905,-0.01474255517750014,-0.1580657262360603,-0.1295375374593627,0,0,0,0,0,0,-0.0,-0.0,0.9985937555281842,0.9998964451771488,9985.937555281842,9998.964451771488,19984.90200705333,0.9852644941183676,0.9804523088159683,9852.644941183677,9804.523088159684,19657.16802934336
2024-07-05 10:30:00,105.69499969482422,76.84500122070312,-0.11946051643927547,-0.03568614742985521,-0.17024508719347864,-0.1376790474061859,0,0,0,0,0,0,0.0,0.0,0.9985937555281842,0.9998964451771488,9985.937555281842,9998.964451771488,19984.90200705333,0.9888665161844734,0.9819204767704829,9888.665161844734,9819.204767704829,19707.86992954956
2024-07-05 11:00:00,105.58999633789062,76.83000183105469,-0.14545442132602204,-0.057639802209088584,-0.17904373911561322,-0.14595198574807136,0,0,0,0,0,0,-0.0,-0.0,0.9985937555281842,0.9998964451771488,9985.937555281842,9998.964451771488,19984.90200705333,0.987884120573911,0.9817288155355177,9878.841205739109,9817.288155355178,19696.12936109429
2024-07-05 11:30:00,105.58499908447266,76.85099792480469,-0.1645610573780374,-0.07902405324287835,-0.18222198326697026,-0.15320598525185114,0,0,0,0,0,0,-0.0,0.0,0.9985937555281842,0.9998964451771488,9985.937555281842,9998.964451771488,19984.90200705333,0.9878373670227288,0.9819971022693041,9878.373670227289,9819.971022693042,19698.34469292033
2024-07-05 12:00:00,105.45999908447266,76.77999877929688,-0.18762681431476835,-0.10074460545725636,-0.18829920629481478,-0.16022462946044388,0,0,0,0,0,0,-0.0,-0.0,0.9985937555281842,0.9998964451771488,9985.937555281842,9998.964451771488,19984.90200705333,0.9866678858279708,0.9810898797603591,9866.678858279709,9810.898797603591,19677.577655883302
2024-07-05 12:30:00,105.54499816894531,76.83499908447266,-0.1967795252409985,-0.1199515894140048,-0.18652721473516465,-0.16548514651538804,0,0,0,0,0,0,0.0,0.0,0.9985937555281842,0.9998964451771488,9985.937555281842,9998.964451771488,19984.90200705333,0.9874631244748702,0.9817926701178687,9874.631244748702,9817.926701178687,19692.557945927387
2024-07-05 13:00:00,105.375,76.81109619140625,-0.215269058386923,-0.13901508320858846,-0.18492001948733616,-0.16937212110977767,0,0,0,0,0,0,-0.0,-0.0,0.9985937555281842,0.9998964451771488,9985.937555281842,9998.964451771488,19984.90200705333,0.9858726471810714,0.9814872404896154,9858.726471810714,9814.872404896154,19673.59887670687
2024-07-05 13:30:00,105.55169677734375,76.90679931640625,-0.21320648179420232,-0.15385336292571122,-0.17391903295997224,-0.1702815034798166,0,0,0,0,0,0,0.0,0.0,0.9985937555281842,0.9998964451771488,9985.937555281842,9998.964451771488,19984.90200705333,0.9875257956472944,0.9827101288575723,9875.257956472944,9827.101288575723,19702.35924504867
2024-07-05 14:00:00,105.40959930419922,76.8499984741211,-0.22049621044911305,-0.1671819324303916,-0.16784916446172815,-0.1697950356761989,0,1,0,0,1,0,-0.0,-0.0,0.9985937555281842,0.9998964451771488,9985.937555281842,9998.964451771488,19984.90200705333,0.986196353065973,0.9819843313528339,9861.96353065973,9819.84331352834,19681.806844188068
2024-07-05 14:30:00,105.5199966430664,76.91010284423828,-0.21488813366855197,-0.17672317267802368,-0.15638610788583662,-0.16711325011812647,0,0,0,0,0,0,0.0,0.0007820998218683872,0.9985937555281842,1.0006784640088087,9985.937555281842,10006.784640088086,19992.722195369926,0.987229213960025,0.9827523411234624,9872.292139600251,9827.523411234624,19699.815550834875
2024-07-05 15:00:00,105.42500305175781,76.84500122070312,-0.2156233100426448,-0.1845032001509479,-0.1508161946922968,-0.16385383903296052,0,0,0,0,0,0,-0.0,-0.0,0.9985937555281842,1.0006784640088087,9985.937555281842,10006.784640088086,19992.722195369926,0.9863404682107616,0.9819204767704829,9863.404682107615,9819.204767704829,19682.609449812444
2024-07-05 15:30:00,105.55000305175781,77.01010131835938,-0.20377054725832977,-0.18835666957242428,-0.1315632213550657,-0.15739571549738157,0,0,0,0,0,0,0.0,0.0,0.9985937555281842,1.0006784640088087,9985.937555281842,10006.784640088086,19992.722195369926,0.9875099494055197,0.9840301151858676,9875.099494055197,9840.301151858675,19715.400645913873
2024-07-08 09:30:00,106.77999877929688,77.31999969482422,-0.09404270587424435,-0.1694938768327883,-0.09025844900699553,-0.14396826219930436,1,0,1,0,0,0,0.0,0.0,0.9985937555281842,1.0006784640088087,9985.937555281842,10006.784640088086,19992.722195369926,0.9990176043894375,0.9879899766828412,9990.176043894375,9879.899766828412,19870.07581072279
2024-07-08 10:00:00,106.61000061035156,77.16500091552734,-0.020562995123100336,-0.1397077004908507,-0.06923314880347675,-0.12902123952013883,0,0,0,0,0,0,-0.001592041308191794,-0.0,0.9970039530192809,1.0006784640088087,9970.03953019281,10006.784640088086,19976.824170280895,0.9974271270956387,0.9860094122629265,9974.271270956388,9860.094122629265,19834.365393585653
2024-07-08 10:30:00,106.73999786376953,77.27999877929688,0.047611066223780085,-0.10224394714792455,-0.042797734738726945,-0.11177653856385646,0,0,0,0,0,0,0.0,0.0,0.9970039530192809,1.0006784640088087,9970.03953019281,10006.784640088086,19976.824170280895,0.9986433618415789,0.9874788475602968,9986.43361841579,9874.788475602969,19861.222094018758
2024-07-08 11:00:00,106.44000244140625,77.01000213623047,0.07654995733297199,-0.06648516625174525,-0.04313669826890987,-0.09804857050486714,0,0,0,0,0,0,-0.0,-0.0,0.9970039530192809,1.0006784640088087,9970.03953019281,10006.784640088086,19976.824170280895,0.99583664980184,0.9840288478430117,9958.3664980184,9840.288478430117,19798.654976448517
2024-07-08 11:30:00,106.16999816894531,76.87999725341797,0.07681171116998087,-0.03782579076740003,-0.05328144156371195,-0.0890951447166361,0,0,0,0,0,0,-0.0,-0.0,0.9970039530192809,1.0006784640088087,9970.03953019281,10006.784640088086,19976.824170280895,0.9933105304486607,0.9823676538227643,9933.105304486608,9823.676538227643,19756.78184271425
2024-07-08 12:00:00,106.27999877929688,76.98500061035156,0.08491641929060734,-0.013277348755798557,-0.05224607018386962,-0.0817253298100828,0,0,0,0,0,0,0.0,0.0,0.9970039530192809,1.0006784640088087,9970.03953019281,10006.784640088086,19976.824170280895,0.9943396796104051,0.9837093799554324,9943.39679610405,9837.093799554325,19780.490595658375
2024-07-08 12:30:00,106.33499908447266,77.0333023071289,0.09468604208528575,0.008315329412418304,-0.04698635816119179,-0.07477753548030461,0,0,0,0,0,0,0.0,0.0,0.9970039530192809,1.0006784640088087,9970.03953019281,10006.784640088086,19976.824170280895,0.9948542541912774,0.9843265759262181,9948.542541912773,9843.26575926218,19791.808301174955
2024-07-08 13:00:00,106.18499755859375,76.99500274658203,0.08929532805562701,0.024511329141060047,-0.04538527968949779,-0.06889908432214326,0,0,0,0,0,0,-0.0,-0.0,0.9970039530192809,1.0006784640088087,9970.03953019281,10006.784640088086,19976.824170280895,0.9934508624816742,0.9838371866080465,9934.508624816743,9838.371866080466,19772.88049089721
2024-07-08 13:30:00,106.30999755859375,77.0636978149414,0.09402573355311006,0.03841421002347005,-0.038133713841816075,-0.06274601022607783,0,0,0,0,0,0,0.0,0.0,0.9970039530192809,1.0006784640088087,9970.03953019281,10006.784640088086,19976.824170280895,0.9946203436764323,0.9847149677675716,9946.203436764323,9847.149677675716,19793.35311444004
2024-07-08 14:00:00,106.24500274658203,77.02999877929688,0.09147560204677063,0.04902648842813017,-0.03470595753005057,-0.05713799968687238,0,0,0,0,0,0,-0.0,-0.0,0.9970039530192809,1.0006784640088087,9970.03953019281,10006.784640088086,19976.824170280895,0.9940122619931959,0.9842843636603279,9940.122619931959,9842.843636603278,19782.966256535237
2024-07-08 14:30:00,106.2384033203125,77.04620361328125,0.08790872880466338,0.05680293650343682,-0.030332190671288117,-0.05177683788375553,0,0,0,0,0,0,-0.0,0.0,0.9970039530192809,1.0006784640088087,9970.03953019281,10006.784640088086,19976.824170280895,0.9939505187538487,0.9844914279853869,9939.505187538487,9844.914279853869,19784.419467392356
2024-07-08 15:00:00,106.2249984741211,77.06649780273438,0.08304302866176272,0.062050954935102,-0.02494087456436489,-0.04640964521987741,0,0,0,0,0,0,-0.0,0.0,0.9970039530192809,1.0006784640088087,9970.03953019281,10006.784640088086,19976.824170280895,0.9938251050295329,0.9847507458312706,9938.25105029533,9847.507458312706,19785.758508608036
2024-07-08 15:30:00,106.19000244140625,77.07499694824219,0.07549280481573817,0.06473932491122925,-0.01975468794933022,-0.041078653765767977,0,0,0,0,0,0,-0.0,0.0,0.9970039530192809,1.0006784640088087,9970.03953019281,10006.784640088086,19976.824170280895,0.9934976874123237,0.9848593473652234,9934.976874123236,9848.593473652234,19783.570347775472
2024-07-09 09:30:00,105.83000183105469,76.8949966430664,0.039999073001581564,0.059791274529299714,-0.029825310382349812,-0.038827985089084346,0,0,0,0,0,0,-0.0,-0.0,0.9970039530192809,1.0006784640088087,9970.03953019281,10006.784640088086,19976.824170280895,0.990129575861063,0.9825593150577294,9901.29575861063,9825.593150577295,19726.888909187925
2024-07-09 10:00:00,105.62999725341797,76.92749786376953,-0.004220017353773642,0.04698901615268505,-0.034782819635509554,-0.03801895199836939,0,0,0,0,0,0,-0.0,0.0,0.9970039530192809,1.0006784640088087,9970.03953019281,10006.784640088086,19976.824170280895,0.9882583631217696,0.9829746135627913,9882.583631217696,9829.746135627913,19712.329766845607
2024-07-09 10:30:00,105.54000091552734,77.04499816894531,-0.04599570749407178,0.02839207142333368,-0.028897278955042793,-0.03619461738970407,0,0,0,0,0,0,-0.0,0.0,0.9970039530192809,1.0006784640088087,9970.03953019281,10006.784640088086,19976.824170280895,0.9874163709236882,0.9844760248952931,9874.163709236882,9844.76024895293,19718.923958189815
2024-07-09 11:00:00,105.38999938964844,76.96499633789062,-0.09016771513854849,0.004680114110957246,-0.0303386990877641,-0.03502343372931608,0,0,0,0,0,0,-0.0,-0.0,0.9970039530192809,1.0006784640088087,9970.03953019281,10006.784640088086,19976.824170280895,0.9860129792140849,0.9834537666502042,9860.12979214085,9834.537666502043,19694.667458642893
2024-07-09 11:30:00,105.76499938964844,77.06400299072266,-0.09383333121172655,-0.015022574953579514,-0.02322431008734327,-0.032663609000921516,0,0,0,0,0,0,0.0,0.0,0.9970039530192809,1.0006784640088087,9970.03953019281,10006.784640088086,19976.824170280895,0.9895214227983592,0.9847188672840511,9895.214227983592,9847.188672840512,19742.402900824105
2024-07-09 12:00:00,105.86499786376953,77.18499755859375,-0.08765884067008756,-0.029549828096881125,-0.007733705768671939,-0.0276776283544716,0,0,0,0,0,0,0.0,0.0,0.9970039530192809,1.0006784640088087,9970.03953019281,10006.784640088086,19976.824170280895,0.9904569934782722,0.9862649280802427,9904.569934782721,9862.649280802427,19767.219215585148
2024-07-09 12:30:00,105.9800033569336,77.32499694824219,-0.07264808833325276,-0.03816948014415546,0.015658983464575726,-0.019010305990662137,0,0,0,0,0,0,0.0,0.0,0.9970039530192809,1.0006784640088087,9970.03953019281,10006.784640088086,19976.824170280895,0.9915329675706662,0.9880538312651923,9915.329675706662,9880.538312651923,19795.867988358586
2024-07-09 13:00:00,106.0,77.32980346679688,-0.05846445513718379,-0.042228475142761124,0.03419156501675502,-0.008369931789178706,0,0,0,0,0,0,0.0,0.0,0.9970039530192809,1.0006784640088087,9970.03953019281,10006.784640088086,19976.824170280895,0.9917200531548618,0.9881152486497436,9917.200531548619,9881.152486497436,19798.353018046055
2024-07-09 13:30:00,105.84500122070312,77.25509643554688,-0.05905023539600052,-0.045592827193409,0.04236221114717864,0.0017764967980927644,0,0,0,0,0,0,-0.0,-0.0,0.9970039530192809,1.0006784640088087,9970.03953019281,10006.784640088086,19976.824170280895,0.9902699078940765,0.9871606470155733,9902.699078940765,9871.606470155733,19774.305549096498
2024-07-09 14:00:00,105.66999816894531,77.16500091552734,-0.07279660029288948,-0.0510335818133051,0.04109384727462384,0.00963996689339898,0,0,0,0,0,0,-0.0,-0.0,0.9970039530192809,1.0006784640088087,9970.03953019281,10006.784640088086,19976.824170280895,0.9886326056696283,0.9860094122629265,9886.326056696284,9860.094122629265,19746.42017932555
2024-07-09 14:30:00,105.59500122070312,77.0999984741211,-0.08871961595173161,-0.058570788640990405,0.03444642900275596,0.014601259315270378,0,0,0,0,0,0,-0.0,-0.0,0.9970039530192809,1.0006784640088087,9970.03953019281,10006.784640088086,19976.824170280895,0.9879309455045604,0.9851788152528027,9879.309455045604,9851.788152528026,19731.097607573633
2024-07-09 15:00:00,105.57499694824219,77.1436996459961,-0.10177964578444687,-0.0672125600696817,0.0323319192355882,0.018147391299333945,0,0,0,0,0,0,-0.0,0.0,0.9970039530192809,1.0006784640088087,9970.03953019281,10006.784640088086,19976.824170280895,0.9877437885408973,0.9857372260126606,9877.437885408974,9857.372260126605,19734.81014553558
2024-07-09 15:30:00,105.51000213623047,77.0999984741211,-0.11603675221518017,-0.0769773984987814,0.026820663750086737,0.019882045789484507,0,0,0,0,0,0,-0.0,-0.0,0.9970039530192809,1.0006784640088087,9970.03953019281,10006.784640088086,19976.824170280895,0.9871357068576609,0.9851788152528027,9871.35706857661,9851.788152528026,19723.145221104634
2024-07-10 09:30:00,105.72599792480469,77.25499725341797,-0.10865406041889969,-0.08331273088280505,0.034561654937547814,0.02281796761909717,0,0,0,0,0,0,0.0,0.0,0.9970039530192809,1.0006784640088087,9970.03953019281,10006.784640088086,19976.824170280895,0.989156530960737,0.9871593796727175,9891.56530960737,9871.593796727175,19763.159106334544
2024-07-10 10:00:00,105.75,77.31999969482422,-0.09971698181172428,-0.08659358106858892,0.04541804900071611,0.02733798389542096,0,0,0,0,0,0,0.0,0.0,0.9970039530192809,1.0006784640088087,9970.03953019281,10006.784640088086,19976.824170280895,0.9893810907653456,0.9879899766828412,9893.810907653457,9879.899766828412,19773.710674481867
2024-07-10 10:30:00,105.89450073242188,77.3499984741211,-0.08005149733298822,-0.08528516432146878,0.055799251256232196,0.033030237367583204,1,0,1,0,0,0,0.0,0.0,0.9970039530192809,1.0006784640088087,9970.03953019281,10006.784640088086,19976.824170280895,0.9907330178789149,0.9883732991527715,9907.330178789149,9883.732991527715,19791.063170316862
2024-07-10 11:00:00,106.01000213623047,77.44000244140625,-0.05451801149932578,-0.07913173375704019,0.07047658658164835,0.04051950721039624,0,0,0,0,0,0,0.0010907214539916943,0.0,0.9980914066205535,1.0006784640088087,9980.914066205534,10006.784640088086,19987.69870629362,0.9918136316366933,0.9895233640504746,9918.136316366934,9895.233640504746,19813.36995687168
2024-07-10 11:30:00,106.0999984741211,77.44049835205078,-0.026712660755180195,-0.0686479191566682,0.08121233121474347,0.04865807201126569,0,0,0,0,0,0,0.0,0.0,0.9980914066205535,1.0006784640088087,9980.914066205534,10006.784640088086,19987.69870629362,0.9926556238347748,0.9895297007647537,9926.556238347748,9895.297007647536,19821.853245995284
2024-07-10 12:00:00,106.23999786376953,77.54499816894531,0.006544618469362717,-0.05360941163146201,0.09703419822980663,0.05833329725497389,0,0,0,0,0,0,0.0,0.0,0.9980914066205535,1.0006784640088087,9980.914066205534,10006.784640088086,19987.69870629362,0.9939654370625465,0.9908649926952308,9939.654370625465,9908.649926952308,19848.30429757777
2024-07-10 12:30:00,106.25250244140625,77.56500244140625,0.03352382498417228,-0.036182764308335155,0.10992022747518604,0.06865068329901633,0,0,0,0,0,0,0.0,0.0,0.9980914066205535,1.0006784640088087,9980.914066205534,10006.784640088086,19987.69870629362,0.9940824280097027,0.9911206060004589,9940.824280097027,9911.20606000459,19852.030340101617
2024-07-10 13:00:00,106.16000366210938,77.5447998046875,0.046900522053491045,-0.019566107035969914,0.11715186082120965,0.07835091880345499,0,0,0,0,0,0,-0.0,-0.0,0.9980914066205535,1.0006784640088087,9980.914066205534,10006.784640088086,19987.69870629362,0.9932170233462966,0.9908624580095191,9932.170233462966,9908.624580095191,19840.794813558157
2024-07-10 13:30:00,106.13500213623047,77.52999877929688,0.05485193766955376,-0.004682498094865178,0.12030189790365853,0.0867411146234957,0,0,0,0,0,0,-0.0,-0.0,0.9980914066205535,1.0006784640088087,9980.914066205534,10006.784640088086,19987.69870629362,0.9929831128314515,0.9906733314602656,9929.831128314514,9906.733314602656,19836.56444291717
2024-07-10 14:00:00,106.09040069580078,77.48500061035156,0.056898636278418735,0.007633728779791605,0.11780931635260572,0.09295475496931771,0,0,0,0,0,0,-0.0,-0.0,0.9980914066205535,1.0006784640088087,9980.914066205534,10006.784640088086,19987.69870629362,0.9925658284647183,0.9900983477553701,9925.658284647183,9900.9834775537,19826.64176220088
2024-07-10 14:30:00,106.25,77.57150268554688,0.0705853259932212,0.020224048222477524,0.12141433320023509,0.09864667061550118,0,0,0,0,0,0,0.0,0.0,0.9980914066205535,1.0006784640088087,9980.914066205534,10006.784640088086,19987.69870629362,0.994059015544378,0.9912036657014713,9940.59015544378,9912.036657014713,19852.626812458493
2024-07-10 15:00:00,106.31999969482422,77.62000274658203,0.08608814600084713,0.03339686777815144,0.12672408821242698,0.10426215413488635,0,0,0,0,0,0,0.0,0.0,0.9980914066205535,1.0006784640088087,9980.914066205534,10006.784640088086,19987.69870629362,0.9947139221582638,0.9918233963579686,9947.139221582638,9918.233963579685,19865.373185162323
2024-07-10 15:30:00,106.62000274658203,77.91999816894531,0.12118503593620744,0.05095450140976265,0.15337126229128728,0.11408397576616654,0,0,0,0,0,0,0.0,0.0,0.9980914066205535,1.0006784640088087,9980.914066205534,10006.784640088086,19987.69870629362,0.9975207055774702,0.995656718545184,9975.207055774701,9956.56718545184,19931.774241226543
2024-07-11 09:30:00,108.8550033569336,78.44000244140625,0.32559222020493905,0.10588204516879793,0.21398267953183847,0.13406371651930094,0,0,0,0,0,0,0.0,0.0,0.9980914066205535,1.0006784640088087,9980.914066205534,10006.784640088086,19987.69870629362,1.0184310350501022,1.0023012996503498,10184.310350501022,10023.012996503498,20207.32334700452
2024-07-11 10:00:00,109.6395034790039,78.64649963378906,0.544611052715041,0.19362784667804656,0.275504418590927,0.16235185693362614,0,0,0,0,0,0,0.0,0.0,0.9980914066205535,1.0006784640088087,9980.914066205534,10006.784640088086,19987.69870629362,1.0257707001704757,1.0049399074761725,10257.707001704757,10049.399074761724,20307.10607646648
2024-07-11 10:30:00,110.0999984741211,78.76499938964844,0.7467352538338474,0.30424932810920674,0.33001853178450347,0.1958851919038016,0,0,0,0,0,0,0.0,0.0,0.9980914066205535,1.0006784640088087,9980.914066205534,10006.784640088086,19987.69870629362,1.0300790220670337,1.0064540897251446,10300.790220670337,10064.540897251447,20365.331117921785
2024-07-11 11:00:00,109.82499694824219,78.81999969482422,0.8746474235424699,0.41832894719585945,0.3733556131121816,0.2313792761454776,0,0,0,0,0,0,-0.0,0.0,0.9980914066205535,1.0006784640088087,9980.914066205534,10006.784640088086,19987.69870629362,1.0275061491626725,1.0071568800826542,10275.061491626724,10071.568800826542,20346.630292453265
2024-07-11 11:30:00,109.5199966430664,78.80999755859375,0.9405655102398498,0.5227762598046576,0.4022565108278826,0.2655547230819586,0,0,0,0,0,0,-0.0,-0.0,0.9980914066205535,1.0006784640088087,9980.914066205534,10006.784640088086,19987.69870629362,1.024652612192284,1.00702907343004,10246.526121922841,10070.2907343004,20316.816856223242
2024-07-11 12:00:00,109.5999984741211,78.70999908447266,0.9878739520357271,0.6157957982508715,0.41233845827265725,0.29491147012009833,0,0,0,0,0,0,0.0,-0.0,0.9980914066205535,1.0006784640088087,9980.914066205534,10006.784640088086,19987.69870629362,1.0254010972880014,1.005751299367635,10254.010972880014,10057.51299367635,20311.523966556364
2024-07-11 12:30:00,109.76000213623047,78.76499938964844,1.02644497261916,0.6979256331245293,0.4199258949084026,0.31991435507775917,0,0,0,0,0,0,0.0,0.0,0.9980914066205535,1.0006784640088087,9980.914066205534,10006.784640088086,19987.69870629362,1.0268980674794361,1.0064540897251446,10268.980674794362,10064.540897251447,20333.521572045807
2024-07-11 13:00:00,110.05500030517578,78.73989868164062,1.0684996720505922,0.7720404409097419,0.4190826518057662,0.33974801442336056,0,0,0,0,0,0,0.0,-0.0,0.9980914066205535,1.0006784640088087,9980.914066205534,10006.784640088086,19987.69870629362,1.029658025967993,1.0061333544947095,10296.580259679931,10061.333544947096,20357.913804627027
2024-07-11 13:30:00,109.98819732666016,78.88990020751953,1.083942863665996,0.8344209254609928,0.4256120542677735,0.35692082239224315,0,0,0,0,0,0,-0.0,0.0,0.9980914066205535,1.0006784640088087,9980.914066205534,10006.784640088086,19987.69870629362,1.0290330273509702,1.0080500643322732,10290.330273509702,10080.500643322732,20370.830916832434
2024-07-11 14:00:00,109.9800033569336,78.8499984741211,1.0830359550826074,0.8841439313853158,0.422694358896905,0.37007552969317553,0,0,0,0,0,0,-0.0,-0.0,0.9980914066205535,1.0006784640088087,9980.914066205534,10006.784640088086,19987.69870629362,1.028956365802925,1.0075402025525846,10289.56365802925,10075.402025525846,20364.965683555096
2024-07-11 14:30:00,109.9749984741211,78.78500366210938,1.0695838741723094,0.9212319199427146,0.41040661417066815,0.37814174658867405,0,0,0,0,0,0,-0.0,-0.0,0.9980914066205535,1.0006784640088087,9980.914066205534,10006.784640088086,19987.69870629362,1.0289095408722757,1.0067097030303727,10289.095408722756,10067.097030303727,20356.192439026483
2024-07-11 15:00:00,110.05000305175781,78.79000091552734,1.0528387756731803,0.9475532910888078,0.39650110659034965,0.3818136185890092,0,0,0,0,0,0,0.0,0.0,0.9980914066205535,1.0006784640088087,9980.914066205534,10006.784640088086,19987.69870629362,1.029611272416811,1.006773557612724,10296.11272416811,10067.73557612724,20363.84830029535
2024-07-11 15:30:00,110.20999908447266,78.80000305175781,1.040484450106419,0.9661395228923302,0.3818858382242638,0.3818280625160601,0,0,0,0,0,0,0.0,0.0,0.9980914066205535,1.0006784640088087,9980.914066205534,10006.784640088086,19987.69870629362,1.0311081712287782,1.006901364265338,10311.081712287782,10069.013642653379,20380.09535494116
2024-07-12 09:30:00,111.31999969482422,79.17009735107422,1.1074948197889256,0.9944105822716494,0.39560634599432376,0.38458371921171286,0,0,0,0,0,0,0.0,0.0,0.9980914066205535,1.0006784640088087,9980.914066205534,10006.784640088086,19987.69870629362,1.0414931699485874,1.011630405387884,10414.931699485875,10116.30405387884,20531.235753364715
2024-07-12 10:00:00,112.11000061035156,79.58499908447266,1.2103948141430436,1.0376074286459283,0.4349452713160957,0.3946560296325895,0,0,0,0,0,0,0.0,0.0,0.9980914066205535,1.0006784640088087,9980.914066205534,10006.784640088086,19987.69870629362,1.0488842996649947,1.0169319930175258,10488.842996649948,10169.319930175257,20658.162926825207
2024-07-12 10:30:00,111.88999938964844,79.61499786376953,1.2596708398157546,1.0820201108798937,0.4632027904002456,0.40836538178612075,0,0,0,0,0,0,-0.0,0.0,0.9980914066205535,1.0006784640088087,9980.914066205534,10006.784640088086,19987.69870629362,1.0468260013415056,1.0173153154874561,10468.260013415056,10173.15315487456,20641.41316828962
2024-07-12 11:00:00,111.81999969482422,79.69599914550781,1.2783381681509525,1.1212837223341054,0.48652484873417734,0.42399727517573205,0,0,0,0,0,0,-0.0,0.0,0.9980914066205535,1.0006784640088087,9980.914066205534,10006.784640088086,19987.69870629362,1.04617109472762,1.0183503446490152,10461.710947276199,10183.503446490153,20645.21439376635
2024-07-12 11:30:00,111.52999877929688,79.67500305175781,1.2552616353441408,1.1480793049361124,0.4975777718734804,0.4387133745152817,0,0,0,0,0,0,-0.0,-0.0,0.9980914066205535,1.0006784640088087,9980.914066205534,10006.784640088086,19987.69870629362,1.0434578897902451,1.0180820579152288,10434.578897902451,10180.820579152287,20615.399477054736
2024-07-12 12:00:00,111.3499984741211,79.63999938964844,1.2085177561185816,1.1601669951726064,0.4977747526049683,0.45052565013321905,0,0,0,0,0,0,-0.0,-0.0,0.9980914066205535,1.0006784640088087,9980.914066205534,10006.784640088086,19987.69870629362,1.0417738340146148,1.0176347833750354,10417.738340146148,10176.347833750355,20594.086173896503
2024-07-12 12:30:00,111.42500305175781,79.7300033569336,1.1641060477491436,1.1609548056879138,0.49943623914263924,0.46030776793510314,0,0,0,0,0,0,0.0,0.0,0.9980914066205535,1.0006784640088087,9980.914066205534,10006.784640088086,19987.69870629362,1.04247556555915,1.0187848482727384,10424.7556555915,10187.848482727384,20612.604138318886
2024-07-12 13:00:00,111.55000305175781,79.84200286865234,1.126015893924091,1.1539670233351491,0.5039808265198928,0.4690423796520611,0,0,0,0,0,0,0.0,0.0,0.9980914066205535,1.0006784640088087,9980.914066205534,10006.784640088086,19987.69870629362,1.043645046753908,1.0202159708206981,10436.45046753908,10202.159708206982,20638.610175746064
2024-07-12 13:30:00,111.47000122070312,79.8949966430664,1.0769591784052324,1.1385654543491657,0.5060254530334589,0.4764389943283407,0,0,0,0,0,0,-0.0,0.0,0.9980914066205535,1.0006784640088087,9980.914066205534,10006.784640088086,19987.69870629362,1.0428965616581907,1.0208931218573554,10428.965616581907,10208.931218573554,20637.89683515546
2024-07-12 14:00:00,111.54000091552734,79.92880249023438,1.031835411948748,1.1172194458690823,0.5045574593006847,0.48206268732280955,0,0,0,0,0,0,0.0,0.0,0.9980914066205535,1.0006784640088087,9980.914066205534,10006.784640088086,19987.69870629362,1.0435514682720766,1.0213250907953668,10435.514682720766,10213.250907953669,20648.765590674433
2024-07-12 14:30:00,111.58000183105469,79.98999786376953,0.9879141817819033,1.0913583930516466,0.5025390614239456,0.48615796214303675,0,0,0,0,0,0,0.0,0.0,0.9980914066205535,1.0006784640088087,9980.914066205534,10006.784640088086,19987.69870629362,1.0439257108199351,1.0221070413374094,10439.257108199352,10221.070413374093,20660.327521573447
2024-07-12 15:00:00,111.55000305175781,79.97979736328125,0.9398516152767229,1.061057037496662,0.4944170395565237,0.48780977762573413,0,0,0,0,0,0,-0.0,-0.0,0.9980914066205535,1.0006784640088087,9980.914066205534,10006.784640088086,19987.69870629362,1.043645046753908,1.0219766999990836,10436.45046753908,10219.766999990836,20656.217467529917
2024-07-12 15:30:00,111.23999786376953,79.62000274658203,0.8667554400239936,1.0221967180021283,0.453717685028451,0.48099135910627755,0,0,0,0,0,0,-0.0,-0.0,0.9980914066205535,1.0006784640088087,9980.914066205534,10006.784640088086,19987.69870629362,1.04074468485287,1.0173792675577191,10407.446848528702,10173.792675577191,20581.23952410589
2024-07-15 09:30:00,112.38999938964844,79.83999633789062,0.8913468154371458,0.9960267374891318,0.43420950075866926,0.4716349874367559,0,0,0,0,0,0,0.0,0.0,0.9980914066205535,1.0006784640088087,9980.914066205534,10006.784640088086,19987.69870629362,1.0515039261205381,1.0201903314998457,10515.039261205382,10201.903314998457,20716.942576203837
2024-07-15 10:00:00,112.81999969482422,79.86209869384766,0.9347577827356872,0.9837729465384429,0.41574020528737776,0.46045603100688026,0,0,0,0,0,0,0.0,0.0,0.9980914066205535,1.0006784640088087,9980.914066205534,10006.784640088086,19987.69870629362,1.0555269442856847,1.0204727539808702,10555.269442856847,10204.727539808702,20759.99698266555
2024-07-15 10:30:00,112.8550033569336,80.05989837646484,0.9609090289329032,0.979200163017335,0.4123110714911462,0.4508270391037335,0,0,0,0,0,0,0.0,0.0,0.9980914066205535,1.0006784640088087,9980.914066205534,10006.784640088086,19987.69870629362,1.0558544332823612,1.0230002255870283,10558.544332823612,10230.002255870282,20788.546588693895
2024-07-15 11:00:00,113.29900360107422,80.1050033569336,1.005866189686273,0.9845333683511227,0.4085238446341748,0.4423664002098218,1,0,1,0,0,0,0.0,0.0,0.9980914066205535,1.0006784640088087,9980.914066205534,10006.784640088086,19987.69870629362,1.060008432770285,1.0235765741226917,10600.08432770285,10235.765741226916,20835.850068929765
2024-07-15 11:30:00,113.5999984741211,80.26000213623047,1.0536371608935156,0.9983541268596013,0.4132656767028493,0.4365462555084273,0,0,0,0,0,0,0.0026566418369105005,0.0,1.0007429780084425,1.0006784640088087,10007.429780084425,10006.784640088086,20014.21442017251,1.0628244955202604,1.0255571385426063,10628.244955202605,10255.571385426063,20883.81634062867
2024-07-15 12:00:00,113.1500015258789,80.2750015258789,1.0431601064423575,1.0073153227761527,0.4134677394442434,0.4319305522955906,0,0,0,0,0,0,-0.0,0.0,1.0007429780084425,1.0006784640088087,10007.429780084425,10006.784640088086,20014.21442017251,1.058614391770918,1.0257487997775716,10586.143917709182,10257.487997775715,20843.631915484897
2024-07-15 12:30:00,112.89199829101562,80.13500213623047,1.0024822689038615,1.0063487120016945,0.39774612515921604,0.4250936668683157,0,0,0,0,0,0,-0.0,-0.0,1.0007429780084425,1.0006784640088087,10007.429780084425,10006.784640088086,20014.21442017251,1.0562005523200433,1.023959896592622,10562.005523200432,10239.59896592622,20801.60448912665
2024-07-15 13:00:00,113.0,80.11000061035156,0.967803389852179,0.9986396475717914,0.37890147799787144,0.41585522909422684,0,0,0,0,0,0,0.0,-0.0,1.0007429780084425,1.0006784640088087,10007.429780084425,10006.784640088086,20014.21442017251,1.0572110000613149,1.0236404287050427,10572.11000061315,10236.404287050427,20808.514287663576
2024-07-15 13:30:00,112.93000030517578,80.06990051269531,0.924020208217712,0.9837157597009756,0.35662031954848317,0.40400824718507816,0,0,0,0,0,0,-0.0,-0.0,1.0007429780084425,1.0006784640088087,10007.429780084425,10006.784640088086,20014.21442017251,1.0565560934474292,1.0231280322396425,10565.560934474292,10231.280322396426,20796.841256870717
2024-07-15 14:00:00,113.16999816894531,80.19999694824219,0.8983321295943512,0.9666390336796508,0.34547758548448826,0.3923021148449602,0,0,0,0,0,0,0.0,0.0,1.0007429780084425,1.0006784640088087,10007.429780084425,10006.784640088086,20014.21442017251,1.0588014773551138,1.0247903961148337,10588.014773551138,10247.903961148337,20835.918734699473
2024-07-15 14:30:00,113.20899963378906,80.25,0.8710799668474181,0.9475272203132044,0.33679930411605596,0.3812015526991794,0,0,0,0,0,0,0.0,0.0,1.0007429780084425,1.0006784640088087,10007.429780084425,10006.784640088086,20014.21442017251,1.059166369192736,1.0254293318899923,10591.66369192736,10254.293318899923,20845.957010827282
2024-07-15 15:00:00,113.31999969482422,80.19999694824219,0.8486564257823943,0.9277530614070424,0.3221730646801575,0.369395855095375,0,0,0,0,0,0,0.0,-0.0,1.0007429780084425,1.0006784640088087,10007.429780084425,10006.784640088086,20014.21442017251,1.060204869064717,1.0247903961148337,10602.04869064717,10247.903961148337,20849.95265179551
2024-07-15 15:30:00,112.81999969482422,79.95999908447266,0.7815307861926328,0.8985086063641605,0.2878971436284701,0.35309611280199404,0,0,0,0,0,0,-0.0,-0.0,1.0007429780084425,1.0006784640088087,10007.429780084425,10006.784640088086,20014.21442017251,1.0555269442856847,1.021723718867479,10555.269442856847,10217.23718867479,20772.506631531636
2024-07-16 09:30:00,115.23999786376953,80.69000244140625,0.9130814263593408,0.9014231703631966,0.3159957964216744,0.3456760495259301,1,0,1,0,0,0,0.0,0.0,1.0007429780084425,1.0006784640088087,10007.429780084425,10006.784640088086,20014.21442017251,1.078168083085129,1.0310516547500692,10781.68083085129,10310.516547500692,21092.197378351982
2024-07-16 10:00:00,114.79000091552734,80.76499938964844,0.9698454884380538,0.9151076339781681,0.34039198127418047,0.3446192358755802,0,0,0,0,0,0,-0.0039048677246085184,0.0,0.9968352090529887,1.0006784640088087,9968.352090529886,10006.784640088086,19975.136730617975,1.073957979335787,1.0320099609248952,10739.579793357869,10320.099609248951,21059.67940260682
2024-07-16 10:30:00,115.2699966430664,80.84500122070312,1.041556643677339,0.9403974359180023,0.36200860286639625,0.34809710927374343,0,1,0,0,1,0,0.0,0.0,0.9968352090529887,1.0006784640088087,9968.352090529886,10006.784640088086,19975.136730617975,1.0784487471511561,1.0330322191699841,10784.487471511562,10330.322191699841,21114.809663211403
2024-07-16 11:00:00,115.62000274658203,80.84500122070312,1.1137917206418138,0.9750762928627645,0.3748192482407262,0.35344153706714,0,0,0,0,0,0,0.0,0.0,0.9968352090529887,1.0006784640088087,9968.352090529886,10006.784640088086,19975.136730617975,1.0817233516000528,1.0330322191699841,10817.233516000528,10330.322191699841,21147.55570770037
2024-07-16 11:30:00,115.33999633789062,80.7249984741211,1.1353566774489394,1.0071323697799996,0.37101176556461724,0.35695558276663547,0,0,0,0,0,0,-0.0,-0.0,0.9968352090529887,1.0006784640088087,9968.352090529886,10006.784640088086,19975.136730617975,1.079103653765042,1.0314988318023506,10791.03653765042,10314.988318023507,21106.024855673924
2024-07-16 12:00:00,115.58000183105469,80.89009857177734,1.1584594985907017,1.03739779554214,0.3769710189440758,0.36095867000212356,0,0,0,0,0,0,0.0,0.0,0.9968352090529887,1.0006784640088087,9968.352090529886,10006.784640088086,19975.136730617975,1.081349109052194,1.0336084702177353,10813.49109052194,10336.084702177353,21149.575792699296
2024-07-16 12:30:00,115.58999633789062,80.96499633789062,1.1641554644340744,1.062749329320527,0.3833187341997757,0.365430682841654,0,0,0,0,0,0,0.0,0.0,0.9968352090529887,1.0006784640088087,9968.352090529886,10006.784640088086,19975.136730617975,1.0814426161545583,1.0345655090497055,10814.426161545583,10345.655090497055,21160.08125204264
2024-07-16 13:00:00,115.72889709472656,80.86499786376953,1.1664317890511882,1.0834858212666592,0.37594662446508664,0.3675338711663405,0,0,0,0,0,0,0.0,-0.0,0.9968352090529887,1.0006784640088087,9968.352090529886,10006.784640088086,19975.136730617975,1.0827421507390167,1.0332877349873002,10827.421507390167,10332.877349873002,21160.29885726317
2024-07-16 13:30:00,116.00890350341797,81.03500366210938,1.177259257874141,1.1022405085881557,0.3794481791050117,0.3699167327540748,0,0,0,0,0,0,0.0,0.0,0.9968352090529887,1.0006784640088087,9968.352090529886,10006.784640088086,19975.136730617975,1.0853618485740273,1.0354600581300921,10853.618485740273,10354.600581300921,21208.219067041195
2024-07-16 14:00:00,116.1449966430664,81.05599975585938,1.1831826903669338,1.1184289449439113,0.37954226866216345,0.37184183993569253,0,0,0,0,0,0,0.0,0.0,0.9968352090529887,1.0006784640088087,9968.352090529886,10006.784640088086,19975.136730617975,1.086635115514463,1.0357283448638785,10866.351155144628,10357.283448638786,21223.634603783416
2024-07-16 14:30:00,116.5250015258789,81.20500183105469,1.2046537726825903,1.1356739104916471,0.3871769229614017,0.3749088565408344,0,0,0,0,0,0,0.0,0.0,0.9968352090529887,1.0006784640088087,9968.352090529886,10006.784640088086,19975.136730617975,1.0901903840293867,1.037632283784972,10901.903840293868,10376.32283784972,21278.22667814359
2024-07-16 15:00:00,116.74500274658203,81.2040023803711,1.225297552528076,1.153598638898933,0.38866648883407606,0.37766038299948274,0,0,0,0,0,0,0.0,-0.0,0.9968352090529887,1.0006784640088087,9968.352090529886,10006.784640088086,19975.136730617975,1.0922486823528756,1.037619512868502,10922.486823528756,10376.19512868502,21298.681952213774
2024-07-16 15:30:00,116.79499816894531,81.25,1.2314961880653215,1.1691781487322108,0.38907360566956584,0.3799430275334994,0,0,0,0,0,0,0.0,0.0,0.9968352090529887,1.0006784640088087,9968.352090529886,10006.784640088086,19975.136730617975,1.0927164320030984,1.0382072674898677,10927.164320030985,10382.072674898676,21309.236994929663
2024-07-17 09:30:00,117.91999816894531,82.11499786376953,1.3120621140495814,1.197754941795685,0.45396136319841673,0.39474669466648293,0,0,0,0,0,0,0.0,0.0,0.9968352090529887,1.0006784640088087,9968.352090529886,10006.784640088086,19975.136730617975,1.1032417627559212,1.0492601544871443,11032.417627559213,10492.601544871442,21525.019172430657
2024-07-17 10:00:00,116.86499786376953,82.33999633789062,1.2760717227235148,1.2134182979812511,0.5175745972241401,0.4193122751780144,0,0,0,0,0,0,-0.0,0.0,0.9968352090529887,1.0006784640088087,9968.352090529886,10006.784640088086,19975.136730617975,1.0933713386169843,1.0521351704995339,10933.713386169844,10521.351704995339,21455.065091165183
2024-07-17 10:30:00,116.61000061035156,82.17500305175781,1.2129903335461165,1.2133327050942242,0.5483538820003986,0.44512059654249125,0,0,0,0,0,0,-0.0,-0.0,0.9968352090529887,1.0006784640088087,9968.352090529886,10006.784640088086,19975.136730617975,1.090985622676286,1.0500268969149171,10909.85622676286,10500.26896914917,21410.12519591203
2024-07-17 11:00:00,116.77999877929688,82.11990356445312,1.1633054485674847,1.2033272537888764,0.5618242584702955,0.46846132892805215,0,0,0,0,0,0,0.0,-0.0,0.9968352090529887,1.0006784640088087,9968.352090529886,10006.784640088086,19975.136730617975,1.0925760999700849,1.0493228392145515,10925.76099970085,10493.228392145515,21418.989391846364
2024-07-17 11:30:00,116.8760986328125,82.25990295410156,1.1187875874137632,1.1864193205138538,0.5771434590557618,0.4901977549535941,0,0,0,0,0,0,0.0,0.0,0.9968352090529887,1.0006784640088087,9968.352090529886,10006.784640088086,19975.136730617975,1.0934751957421291,1.0511117423995011,10934.751957421291,10511.11742399501,21445.8693814163
2024-07-17 12:00:00,116.4800033569336,82.21990203857422,1.0395618612270567,1.1570478286564945,0.579377592075744,0.508033722378024,0,0,0,0,0,0,-0.0,-0.0,0.9968352090529887,1.0006784640088087,9968.352090529886,10006.784640088086,19975.136730617975,1.0897693879303458,1.0506006132769568,10897.693879303459,10506.006132769568,21403.700012073026
2024-07-17 12:30:00,116.51029968261719,82.35970306396484,0.9680603654233124,1.119250336009858,0.5856776061017683,0.5235624991227729,0,0,0,0,0,0,0.0,0.0,0.9968352090529887,1.0006784640088087,9968.352090529886,10006.784640088086,19975.136730617975,1.0900528357956039,1.0523869817761946,10900.528357956038,10523.869817761946,21424.398175717986
2024-07-17 13:00:00,116.37999725341797,82.25,0.8906141522458171,1.07352309925705,0.5751878842833378,0.5338875761548859,0,0,0,0,0,0,-0.0,-0.0,0.9968352090529887,1.0006784640088087,9968.352090529886,10006.784640088086,19975.136730617975,1.0888337458709654,1.0509852030897429,10888.337458709653,10509.85203089743,21398.18948960708
2024-07-17 13:30:00,116.29000091552734,82.22630310058594,0.8126082756254931,1.0213401345307385,0.5585242426286499,0.5388149094496387,0,0,0,0,0,0,-0.0,-0.0,0.9968352090529887,1.0006784640088087,9968.352090529886,10006.784640088086,19975.136730617975,1.087991753672884,1.0506824056351132,10879.91753672884,10506.824056351132,21386.741593079973
2024-07-17 14:00:00,116.6500015258789,82.29000091552734,0.7709500645621148,0.9712621205370138,0.5441850414685376,0.5398889358534186,0,0,0,0,0,0,0.0,0.0,0.9968352090529887,1.0006784640088087,9968.352090529886,10006.784640088086,19975.136730617975,1.0913598652241447,1.0514963322122874,10913.598652241448,10514.963322122874,21428.561974364322
2024-07-17 14:30:00,116.45500183105469,82.30500030517578,0.713970578078488,0.9198038120453087,0.5279456181786628,0.5375002723184674,0,0,0,0,0,0,-0.0,0.0,0.9968352090529887,1.0006784640088087,9968.352090529886,10006.784640088086,19975.136730617975,1.0895354774155008,1.0516879934472525,10895.354774155008,10516.879934472525,21412.234708627533
2024-07-17 15:00:00,116.7300033569336,82.33499908447266,0.6831295570793259,0.8724689610521122,0.5115990140273396,0.5323200206602419,0,0,0,0,0,0,0.0,0.0,0.9968352090529887,1.0006784640088087,9968.352090529886,10006.784640088086,19975.136730617975,1.092108350319862,1.0520713159171828,10921.08350319862,10520.713159171828,21441.79666237045
2024-07-17 15:30:00,116.26000213623047,82.29499816894531,0.6136884369004889,0.8207128562217877,0.4897707011142671,0.5238101567510469,0,0,0,0,0,0,-0.0,-0.0,0.9968352090529887,1.0006784640088087,9968.352090529886,10006.784640088086,19975.136730617975,1.087711089606857,1.0515601867946385,10877.110896068569,10515.601867946385,21392.712764014956
2024-07-18 09:30:00,117.27749633789062,82.72000122070312,0.6334570290648855,0.7832616907904073,0.500990691409612,0.51924626368276,0,0,0,0,0,0,0.0,0.0,0.9968352090529887,1.0006784640088087,9968.352090529886,10006.784640088086,19975.136730617975,1.0972306122837925,1.05699084841975,10972.306122837925,10569.908484197502,21542.21460703543
2024-07-18 10:00:00,117.27999877929688,82.9000015258789,0.6419259837324773,0.7549945493788214,0.5184309851717188,0.5190832079805517,0,0,0,0,0,0,0.0,0.0,0.9968352090529887,1.0006784640088087,9968.352090529886,10006.784640088086,19975.136730617975,1.0972540247491172,1.0592908807272443,10972.540247491172,10592.908807272443,21565.449054763616
2024-07-18 10:30:00,116.47000122070312,82.77999877929688,0.5766306189405412,0.7193217632911654,0.5166141189027655,0.5185893901649945,0,0,0,0,0,0,-0.0,-0.0,0.9968352090529887,1.0006784640088087,9968.352090529886,10006.784640088086,19975.136730617975,1.0896758094485144,1.0577574933596108,10896.758094485143,10577.574933596108,21474.33302808125
2024-07-18 11:00:00,116.1500015258789,82.80999755859375,0.4933749515655421,0.6741324009460408,0.5116963728079895,0.5172107866935935,0,0,0,0,0,0,-0.0,0.0,0.9968352090529887,1.0006784640088087,9968.352090529886,10006.784640088086,19975.136730617975,1.0866819404451125,1.0581408158295411,10866.819404451124,10581.408158295411,21448.227562746535
2024-07-18 11:30:00,115.66999816894531,82.625,0.3842327796894125,0.6161524766947151,0.4872545001358759,0.5112195293820501,0,0,0,0,0,0,-0.0,-0.0,0.9968352090529887,1.0006784640088087,9968.352090529886,10006.784640088086,19975.136730617975,1.0821911012502756,1.055776928939696,10821.911012502756,10557.769289396962,21379.680301899716
2024-07-18 12:00:00,115.4000015258789,82.55000305175781,0.27280561618356103,0.5474831045924843,0.4565694644203262,0.5002895163897053,0,0,0,0,0,0,-0.0,-0.0,0.9968352090529887,1.0006784640088087,9968.352090529886,10006.784640088086,19975.136730617975,1.079665053276564,1.0548186227648704,10796.65053276564,10548.186227648705,21344.836760414342
2024-07-18 12:30:00,115.87000274658203,82.57990264892578,0.2198892109153121,0.4819643258570499,0.42971056425292886,0.48617372596235003,0,0,0,0,0,0,0.0,0.0,0.9968352090529887,1.0006784640088087,9968.352090529886,10006.784640088086,19975.136730617975,1.084062313989569,1.0552006778919447,10840.623139895692,10552.006778919447,21392.62991881514
2024-07-18 13:00:00,115.61000061035156,82.49009704589844,0.1551837177333084,0.41660820423230166,0.39660630018511256,0.46826024080690254,0,0,0,0,0,0,-0.0,-0.0,0.9968352090529887,1.0006784640088087,9968.352090529886,10006.784640088086,19975.136730617975,1.0816297731182214,1.0540531476799535,10816.297731182214,10540.531476799535,21356.829207981747
2024-07-18 13:30:00,115.02999877929688,82.29199981689453,0.05645210301673842,0.344576983989189,0.35034755308679166,0.44467770326288036,0,0,0,0,0,0,-0.0,-0.0,0.9968352090529887,1.0006784640088087,9968.352090529886,10006.784640088086,19975.136730617975,1.0762033632434715,1.0515218740452277,10762.033632434715,10515.218740452277,21277.252372886993
2024-07-18 14:00:00,114.48999786376953,81.83999633789062,-0.06462205109691865,0.26273717697196747,0.2740551226694379,0.4105531871441919,0,0,0,0,0,0,-0.0,-0.0,0.9968352090529887,1.0006784640088087,9968.352090529886,10006.784640088086,19975.136730617975,1.0711511959165805,1.0457462026995963,10711.511959165804,10457.462026995963,21168.973986161767
2024-07-18 14:30:00,114.33000183105469,81.70989990234375,-0.17150750150399574,0.17588824127677483,0.20078065243934873,0.36859868020322334,0,0,0,0,0,0,-0.0,-0.0,0.9968352090529887,1.0006784640088087,9968.352090529886,10006.784640088086,19975.136730617975,1.0696542971046132,1.044083838824405,10696.542971046132,10440.838388244048,21137.38135929018
2024-07-18 15:00:00,114.08999633789062,81.58999633789062,-0.2724408994086218,0.0862224131396955,0.1315188241552363,0.32118270899362594,0,0,0,0,0,0,-0.0,-0.0,0.9968352090529887,1.0006784640088087,9968.352090529886,10006.784640088086,19975.136730617975,1.0674088418174612,1.0425517187996274,10674.088418174611,10425.517187996275,21099.605606170888
2024-07-18 15:30:00,114.45999908447266,81.56999969482422,-0.3188991442001736,0.005198101671721675,0.07415989515065746,0.27177814622503227,0,0,0,0,0,0,0.0,-0.0,0.9968352090529887,1.0006784640088087,9968.352090529886,10006.784640088086,19975.136730617975,1.0708705318505534,1.0422962029823113,10708.705318505534,10422.962029823113,21131.667348328647
2024-07-19 09:30:00,114.58999633789062,81.48999786376953,-0.3412937243858636,-0.06410026353979538,0.021993523850383667,0.22182122175010255,0,0,0,0,0,0,0.0,-0.0,0.9968352090529887,1.0006784640088087,9968.352090529886,10006.784640088086,19975.136730617975,1.0720867665964935,1.0412739447372223,10720.867665964935,10412.739447372223,21133.60711333716
2024-07-19 10:00:00,114.08000183105469,81.15499877929688,-0.3956332709526009,-0.1304068650223565,-0.045851776913735875,0.16828662201733485,0,0,0,0,0,0,-0.0,-0.0,0.9968352090529887,1.0006784640088087,9968.352090529886,10006.784640088086,19975.136730617975,1.067315334715097,1.0369933480098135,10673.15334715097,10369.933480098134,21043.086827249106
2024-07-19 10:30:00,113.79010009765625,80.99500274658203,-0.4568244127110006,-0.1956903745600853,-0.11124761599776889,0.1123797744143141,0,0,0,0,0,0,-0.0,-0.0,0.9968352090529887,1.0006784640088087,9968.352090529886,10006.784640088086,19975.136730617975,1.064603057710799,1.0349489290075478,10646.03057710799,10349.489290075477,20995.519867183466
2024-07-19 11:00:00,113.26000213623047,80.91999816894531,-0.5418472310946072,-0.2649217458669897,-0.16719916431101467,0.056463986669248345,0,0,0,0,0,0,-0.0,-0.0,0.9968352090529887,1.0006784640088087,9968.352090529886,10006.784640088086,19975.136730617975,1.0596435409326628,1.0339905253448098,10596.435409326628,10339.905253448098,20936.340662774724
2024-07-19 11:30:00,113.79000091552734,81.08000183105469,-0.560006548219377,-0.3239387063374672,-0.19636661898290697,0.005897865538817285,0,0,0,0,0,0,0.0,0.0,0.9968352090529887,1.0006784640088087,9968.352090529886,10006.784640088086,19975.136730617975,1.0646021297777222,1.0360350418349877,10646.021297777223,10360.350418349877,21006.371716127098
2024-07-19 12:00:00,113.69999694824219,81.06999969482422,-0.5750318960838143,-0.37415734428673664,-0.2177787083654863,-0.03883744924204343,0,0,0,0,0,0,-0.0,-0.0,0.9968352090529887,1.0006784640088087,9968.352090529886,10006.784640088086,19975.136730617975,1.0637600662001734,1.0359072351823735,10637.600662001734,10359.072351823736,20996.67301382547
2024-07-19 12:30:00,113.80999755859375,81.02999877929688,-0.5714758447691253,-0.4136210443832144,-0.23526370945243968,-0.07812270128412269,0,0,0,0,0,0,0.0,-0.0,0.9968352090529887,1.0006784640088087,9968.352090529886,10006.784640088086,19975.136730617975,1.0647892153619178,1.0353961060598291,10647.89215361918,10353.96106059829,21001.85321421747
2024-07-19 13:00:00,113.69000244140625,81.0199966430664,-0.5717494795002693,-0.4452467314066254,-0.24707960767338477,-0.1119140825619751,0,0,0,0,0,0,-0.0,-0.0,0.9968352090529887,1.0006784640088087,9968.352090529886,10006.784640088086,19975.136730617975,1.0636665590978092,1.035268299407215,10636.665590978091,10352.68299407215,20989.34858505024
2024-07-19 13:30:00,114.01000213623047,81.19000244140625,-0.5399211609190502,-0.4641816173091104,-0.2399596396578545,-0.13752319398115098,0,0,0,0,0,0,0.0,0.0,0.9968352090529887,1.0006784640088087,9968.352090529886,10006.784640088086,19975.136730617975,1.0666604281012113,1.037440622550007,10666.604281012113,10374.40622550007,21041.010506512182
2024-07-19 14:00:00,113.66000366210938,81.11499786376953,-0.536751602576814,-0.4786956143626511,-0.2376300055009608,-0.15754455628511296,0,0,0,0,0,0,-0.0,-0.0,0.9968352090529887,1.0006784640088087,9968.352090529886,10006.784640088086,19975.136730617975,1.063385895031782,1.036482218887269,10633.858950317821,10364.822188872691,20998.681139190514
2024-07-19 14:30:00,113.66470336914062,81.09989929199219,-0.5277765975873621,-0.48851181100759333,-0.23430120377621222,-0.17289588578333281,0,0,0,0,0,0,0.0,-0.0,0.9968352090529887,1.0006784640088087,9968.352090529886,10006.784640088086,19975.136730617975,1.0634298647837335,1.036289290309448,10634.298647837335,10362.89290309448,20997.191550931813
2024-07-19 15:00:00,113.875,81.17359924316406,-0.4979545507881795,-0.4904003589637106,-0.2231438706644724,-0.18294548275956074,0,0,0,0,0,0,0.0,0.0,0.9968352090529887,1.0006784640088087,9968.352090529886,10006.784640088086,19975.136730617975,1.0653973684246216,1.0372310235392364,10653.973684246217,10372.310235392364,21026.283919638583
2024-07-19 15:30:00,113.7300033569336,81.12999725341797,-0.4804816873492399,-0.4884166246408165,-0.21533764167445213,-0.18942391454253904,1,0,1,0,0,0,-0.0,-0.0,0.9968352090529887,1.0006784640088087,9968.352090529886,10006.784640088086,19975.136730617975,1.064040801645668,1.0366738801222342,10640.40801645668,10366.738801222342,21007.146817679022
2024-07-22 09:30:00,113.1240005493164,80.52999877929688,-0.5096586515035852,-0.49266503001337025,-0.2546307862227195,-0.20246528887857515,0,0,0,1,0,0,-0.005328433920073761,-0.0,0.9915236385123469,1.0006784640088087,9915.23638512347,10006.784640088086,19922.021025211558,1.0583711305458365,1.0290071382598915,10583.711305458366,10290.071382598915,20873.782688057283
2024-07-22 10:00:00,113.37999725341797,80.74009704589844,-0.5062886310522856,-0.4953897502211534,-0.26575426240800937,-0.215123083584462,0,0,0,0,0,0,0.0,0.0,0.9915236385123469,1.0006784640088087,9915.23638512347,10006.784640088086,19922.021025211558,1.0607661971967712,1.0316917603801716,10607.661971967713,10316.917603801716,20924.57957576943
2024-07-22 10:30:00,114.08999633789062,81.05999755859375,-0.4412405270250588,-0.4845599055819345,-0.24592156880645177,-0.22128278062885998,1,0,1,0,0,0,0.0,0.0,0.9915236385123469,1.0006784640088087,9915.23638512347,10006.784640088086,19922.021025211558,1.0674088418174612,1.0357794285297595,10674.088418174611,10357.794285297594,21031.882703472205
2024-07-22 11:00:00,114.0199966430664,81.02680206298828,-0.39083255192387867,-0.46581443485032337,-0.23022868237140415,-0.22307196097736884,0,0,0,0,0,0,-0.0006135480504084745,-0.0,0.9909152911170037,1.0006784640088087,9909.152911170037,10006.784640088086,19915.937551258125,1.0667539352035753,1.0353552586247068,10667.539352035754,10353.552586247068,21021.09193828282
2024-07-22 11:30:00,114.0999984741211,80.94850158691406,-0.3405032794736087,-0.4407522037749805,-0.2215561890122899,-0.22276880658435308,0,1,0,0,1,0,0.0,-0.0,0.9909152911170037,1.0006784640088087,9909.152911170037,10006.784640088086,19915.937551258125,1.0675024202992927,1.034354740183991,10675.024202992927,10343.547401839909,21018.571604832836
2024-07-22 12:00:00,114.02999877929688,80.93000030517578,-0.3027751552951372,-0.41315679407901185,-0.21371252935094276,-0.22095755113767102,0,0,0,0,0,0,-0.0,-0.00022855619777495395,0.9909152911170037,1.0004497527438796,9909.152911170037,10004.497527438796,19913.650438608835,1.0668475136854068,1.034118331997424,10668.475136854067,10341.183319974241,21009.658456828307
2024-07-22 12:30:00,114.33999633789062,81.04499816894531,-0.24503650455187653,-0.3795327361735848,-0.19595812277026425,-0.21595766546418965,0,0,0,0,0,0,0.0,0.0,0.9909152911170037,1.0004497527438796,9909.152911170037,10004.497527438796,19913.650438608835,1.0697478042069772,1.0355877672947942,10697.478042069772,10355.877672947941,21053.355715017715
2024-07-22 13:00:00,114.55999755859375,81.12999725341797,-0.1794572761977804,-0.3395176441784239,-0.1730342804169709,-0.20737298845474592,0,0,0,0,0,0,0.0,0.0,0.9909152911170037,1.0004497527438796,9909.152911170037,10004.497527438796,19913.650438608835,1.0718061025304664,1.0366738801222342,10718.061025304663,10366.738801222342,21084.799826527007
2024-07-22 13:30:00,114.69999694824219,81.05999755859375,-0.11486439923957903,-0.2945869951906549,-0.15868612567695095,-0.19763561589918693,0,0,0,0,0,0,0.0,-0.0,0.9909152911170037,1.0004497527438796,9909.152911170037,10004.497527438796,19913.650438608835,1.073115915758238,1.0357794285297595,10731.159157582379,10357.794285297594,21088.953442879974
2024-07-22 14:00:00,114.65499877929688,80.99500274658203,-0.06653804587776335,-0.2489772053280766,-0.15082107633256214,-0.188272707985862,0,0,0,0,0,0,-0.0,-0.0,0.9909152911170037,1.0004497527438796,9909.152911170037,10004.497527438796,19913.650438608835,1.0726949196591973,1.0349489290075478,10726.949196591973,10349.489290075477,21076.43848666745
2024-07-22 14:30:00,115.02999877929688,81.0999984741211,0.0019972799285312703,-0.19878230827675503,-0.13456451437777162,-0.17753106926424395,0,0,0,0,0,0,0.0,0.0,0.9909152911170037,1.0004497527438796,9909.152911170037,10004.497527438796,19913.650438608835,1.0762033632434715,1.0362905576523038,10762.033632434715,10362.905576523039,21124.939208957752
2024-07-22 15:00:00,115.29000091552734,81.11000061035156,0.07641119813783348,-0.14374360699383734,-0.11949650181500715,-0.16592415577439662,0,0,0,0,0,0,0.0,0.0,0.9909152911170037,1.0004497527438796,9909.152911170037,10004.497527438796,19913.650438608835,1.0786359041148192,1.036418364304918,10786.359041148193,10364.18364304918,21150.542684197375
2024-07-22 15:30:00,115.37000274658203,81.16999816894531,0.14022383057240972,-0.08695011948058792,-0.10154316534021746,-0.1530479576875608,0,0,0,0,0,0,0.0,0.0,0.9909152911170037,1.0004497527438796,9909.152911170037,10004.497527438796,19913.650438608835,1.0793843892105366,1.0371850092447787,10793.843892105366,10371.850092447787,21165.693984553152
2024-07-23 09:30:00,115.3499984741211,80.48999786376953,0.1870257079750246,-0.03215495398946541,-0.1405650124997635,-0.15055136865000135,0,0,0,0,0,0,-0.0,-0.0,0.9909152911170037,1.0004497527438796,9909.152911170037,10004.497527438796,19913.650438608835,1.0791972322468737,1.028496009137347,10791.972322468737,10284.96009137347,21076.93241384221
2024-07-23 10:00:00,116.27210235595703,80.53500366210938,0.29512064286171835,0.033300165380771345,-0.16594559815605692,-0.15363021455121248,0,0,0,0,0,0,0.0,0.0,0.9909152911170037,1.0004497527438796,9909.152911170037,10004.497527438796,19913.650438608835,1.087824297442238,1.0290710903301545,10878.242974422381,10290.710903301546,21168.95387772393
2024-07-23 10:30:00,115.86979675292969,80.35260009765625,0.34435445379511975,0.09551102306364104,-0.1984902661547494,-0.1626022248719199,0,0,0,0,0,0,-0.0,-0.0,0.9909152911170037,1.0004497527438796,9909.152911170037,10004.497527438796,19913.650438608835,1.0840603867439478,1.0267403493303848,10840.603867439479,10267.403493303847,21108.007360743326
2024-07-23 11:00:00,116.13999938964844,80.33999633789062,0.4005583114008999,0.15652048073109281,-0.22273165620734403,-0.17462811113900473,0,0,0,0,0,0,0.0,-0.0,0.9909152911170037,1.0004497527438796,9909.152911170037,10004.497527438796,19913.650438608835,1.0865883619632808,1.0265792992997833,10865.883619632808,10265.792992997833,21131.67661263064
2024-07-23 11:30:00,116.29989624023438,80.46810150146484,0.4527832100117024,0.21577302658721473,-0.2289667304511056,-0.1854958350014249,0,0,0,0,0,0,0.0,0.0,0.9909152911170037,1.0004497527438796,9909.152911170037,10004.497527438796,19913.650438608835,1.0880843328421712,1.0282162188299462,10880.843328421712,10282.162188299462,21163.005516721176
2024-07-23 12:00:00,116.08999633789062,80.38009643554688,0.471796078992611,0.26697763706829397,-0.23826279979847698,-0.19604922796083532,0,0,0,0,0,0,-0.0,-0.0,0.9909152911170037,1.0004497527438796,9909.152911170037,10004.497527438796,19913.650438608835,1.0861205409335906,1.0270916957651837,10861.205409335906,10270.916957651836,21132.122366987744
2024-07-23 12:30:00,116.10800170898438,80.3499984741211,0.4827519338199693,0.31013249641862906,-0.24523177641175664,-0.20588573765101958,0,0,0,0,0,0,0.0,-0.0,0.9909152911170037,1.0004497527438796,9909.152911170037,10004.497527438796,19913.650438608835,1.0862889964767808,1.0267071059523973,10862.889964767808,10267.071059523973,21129.96102429178
2024-07-23 13:00:00,116.20999908447266,80.41239929199219,0.4939706769992256,0.3469001325347484,-0.2429192936841531,-0.2132924488576463,0,0,0,0,0,0,0.0,0.0,0.9909152911170037,1.0004497527438796,9909.152911170037,10004.497527438796,19913.650438608835,1.0872432685771667,1.0275044595845337,10872.432685771666,10275.044595845337,21147.477281617
2024-07-23 13:30:00,116.45999908447266,80.5199966430664,0.5170740150798281,0.3809349090437643,-0.2297559439550838,-0.21658514787713382,0,0,0,0,0,0,0.0,0.0,0.9909152911170037,1.0004497527438796,9909.152911170037,10004.497527438796,19913.650438608835,1.089582230966683,1.0288793316072773,10895.82230966683,10288.793316072773,21184.615625739603
2024-07-23 14:00:00,116.69000244140625,80.58000183105469,0.547630185752169,0.4142739643854453,-0.2120377382143772,-0.2156756659445825,0,1,0,0,1,0,0.0,0.0,0.9909152911170037,1.0004497527438796,9909.152911170037,10004.497527438796,19913.650438608835,1.0917341077720035,1.02964607403505,10917.341077720035,10296.4607403505,21213.801818070533
2024-07-23 14:30:00,116.87000274658203,80.58999633789062,0.5796884043755597,0.44735685238346823,-0.1949422860122354,-0.21152898995811312,0,0,0,0,0,0,0.0,0.00012403209988609554,0.9909152911170037,1.0005738406275428,9909.152911170037,10005.738406275428,19914.891317445465,1.0934181635476337,1.0297737831997522,10934.181635476336,10297.737831997521,21231.919467473857
2024-07-23 15:00:00,116.72000122070312,80.5999984741211,0.5862331729776002,0.47513211650229464,-0.1785289574820439,-0.20492898346289928,0,0,0,0,0,0,-0.0,0.0,0.9909152911170037,1.0005738406275428,9909.152911170037,10005.738406275428,19914.891317445465,1.0920147718380306,1.0299015898523662,10920.147718380307,10299.015898523663,21219.16361690397
2024-07-23 15:30:00,116.23999786376953,80.46990203857422,0.5463892546856073,0.4893835441389572,-0.17401305725293525,-0.1987457982209065,0,0,0,0,0,0,-0.0,-0.0,0.9909152911170037,1.0005738406275428,9909.152911170037,10005.738406275428,19914.891317445465,1.0875239326431938,1.0282392259771749,10875.239326431938,10282.392259771748,21157.631586203686
2024-07-24 09:30:00,115.5,80.36000061035156,0.4499146827921976,0.4814897718696053,-0.1772589694985669,-0.19444843247643856,0,0,0,0,0,0,-0.0,-0.0,0.9909152911170037,1.0005738406275428,9909.152911170037,10005.738406275428,19914.891317445465,1.0806006239564767,1.0268349126050116,10806.006239564767,10268.349126050116,21074.355365614883
2024-07-24 10:00:00,116.05000305175781,80.30999755859375,0.4130768464599015,0.4678071867876646,-0.18177086533552256,-0.19191291904825536,0,0,0,0,0,0,0.0,-0.0,0.9909152911170037,1.0005738406275428,9909.152911170037,10005.738406275428,19914.891317445465,1.0857463697651994,1.026195976829853,10857.463697651994,10261.95976829853,21119.423465950524
2024-07-24 10:30:00,116.06999969482422,80.55000305175781,0.38110303913408927,0.4504663572569495,-0.1640886262620853,-0.18634806049102137,0,0,0,0,0,0,0.0,0.0,0.9909152911170037,1.0005738406275428,9909.152911170037,10005.738406275428,19914.891317445465,1.085933455349395,1.0292627515651196,10859.334553493949,10292.627515651197,21151.962069145146
2024-07-24 11:00:00,116.01000213623047,80.57009887695312,0.3469231507815067,0.42975771596186096,-0.14676197852503492,-0.17843084409782412,0,0,0,0,0,0,-0.0,0.0,0.9909152911170037,1.0005738406275428,9909.152911170037,10005.738406275428,19914.891317445465,1.0853721272173407,1.0295195347252917,10853.721272173407,10295.195347252917,21148.916619426323
2024-07-24 11:30:00,116.27999877929688,80.79000091552734,0.3377286895443632,0.4113519106783614,-0.11397242547127462,-0.1655391603725142,0,0,0,0,0,0,0.0,0.0,0.9909152911170037,1.0005738406275428,9909.152911170037,10005.738406275428,19914.891317445465,1.0878981751910526,1.0323294288124745,10878.981751910525,10323.294288124745,21202.27604003527
2024-07-24 12:00:00,116.25,80.93499755859375,0.3242832268130229,0.39393817390529373,-0.07541708986576623,-0.14751474627116462,0,0,0,0,0,0,-0.0,0.0,0.9909152911170037,1.0005738406275428,9909.152911170037,10005.738406275428,19914.891317445465,1.0876175111250252,1.0341821865797751,10876.175111250253,10341.82186579775,21217.996977048002
2024-07-24 12:30:00,115.86000061035156,80.90010070800781,0.27894243459499535,0.3709390260432341,-0.047134258428243925,-0.12743864870258048,0,0,0,0,0,0,-0.0,-0.0,0.9909152911170037,1.0005738406275428,9909.152911170037,10005.738406275428,19914.891317445465,1.0839687355077374,1.0337362768703495,10839.687355077374,10337.362768703495,21177.05012378087
2024-07-24 13:00:00,115.72989654541016,80.87000274658203,0.22986151887792516,0.3427235246101723,-0.02683917934247404,-0.1073187548305592,0,0,0,0,0,0,-0.0,-0.0,0.9909152911170037,1.0005738406275428,9909.152911170037,10005.738406275428,19914.891317445465,1.082751501449253,1.0333516870575632,10827.51501449253,10333.516870575631,21161.03188506816
2024-07-24 13:30:00,115.77999877929688,80.91999816894531,0.19278506489250447,0.31273583266663874,-0.006644377940403956,-0.08718387945252815,0,0,0,0,0,0,0.0,0.0,0.9909152911170037,1.0005738406275428,9909.152911170037,10005.738406275428,19914.891317445465,1.08322025041202,1.0339905253448098,10832.202504120201,10339.905253448098,21172.1077575683
2024-07-24 14:00:00,115.25,80.86499786376953,0.11926047536012163,0.2740407612053353,0.004865990584988822,-0.06877390544502475,0,0,0,0,0,0,-0.0,-0.0,0.9909152911170037,1.0005738406275428,9909.152911170037,10005.738406275428,19914.891317445465,1.0782616615669607,1.0332877349873002,10782.616615669607,10332.877349873002,21115.49396554261
2024-07-24 14:30:00,114.86000061035156,80.83999633789062,0.029185583813088556,0.225069725726886,0.011834208982520522,-0.05265228255951569,0,0,0,0,0,0,-0.0,-0.0,0.9909152911170037,1.0005738406275428,9909.152911170037,10005.738406275428,19914.891317445465,1.0746128859496729,1.032968267099721,10746.128859496728,10329.682670997208,21075.811530493935
2024-07-24 15:00:00,114.55000305175781,80.76499938964844,-0.06644766163223892,0.16676624825506103,0.011176114032679152,-0.03988660324107672,0,0,0,0,0,0,-0.0,-0.0,0.9909152911170037,1.0005738406275428,9909.152911170037,10005.738406275428,19914.891317445465,1.0717125954281024,1.0320099609248952,10717.125954281024,10320.099609248951,21037.225563529973
2024-07-24 15:30:00,114.0999984741211,80.625,-0.17651455628970325,0.09811008734610818,-0.0006348930257047414,-0.032036261198002326,0,0,0,0,0,0,-0.0,-0.0,0.9909152911170037,1.0005738406275428,9909.152911170037,10005.738406275428,19914.891317445465,1.0675024202992927,1.0302210577399455,10675.024202992927,10302.210577399455,20977.234780392384
2024-07-25 09:30:00,115.31999969482422,81.37999725341797,-0.16341570622117274,0.04580492863265201,0.05034640534111645,-0.015559727890178572,0,0,0,0,0,0,0.0,0.0,0.9909152911170037,1.0005738406275428,9909.152911170037,10005.738406275428,19914.891317445465,1.0789165681808464,1.039868364022203,10789.165681808463,10398.68364022203,21187.849322030495
2024-07-25 10:00:00,115.63800048828125,81.48999786376953,-0.1259232024874848,0.011459302408624649,0.09849024727660094,0.007250267143177332,0,0,0,0,0,0,0.0,0.0,0.9909152911170037,1.0005738406275428,9909.152911170037,10005.738406275428,19914.891317445465,1.0818917357637756,1.0412739447372223,10818.917357637756,10412.739447372223,21231.65680500998
2024-07-25 10:30:00,116.27010345458984,81.18000030517578,-0.04468954324717345,0.00022953327746503063,0.11035823560288804,0.027871860835119475,0,0,0,0,0,0,0.0,-0.0,0.9909152911170037,1.0005738406275428,9909.152911170037,10005.738406275428,19914.891317445465,1.0878055960217654,1.0373128158973928,10878.055960217655,10373.128158973928,21251.18411919158
2024-07-25 11:00:00,116.1500015258789,81.32499694824219,0.009883563476961399,0.0021603393173643044,0.12996555712192048,0.04829060009247968,1,0,1,0,0,0,-0.0,0.0,0.9909152911170037,1.0005738406275428,9909.152911170037,10005.738406275428,19914.891317445465,1.0866819404451125,1.0391655736646934,10866.819404451124,10391.655736646935,21258.47514109806
2024-07-25 11:30:00,116.52999877929688,81.54119873046875,0.08284080903517577,0.0182964332609266,0.16109319555948787,0.07085111918588133,0,0,0,0,0,0,0.003271607821144107,0.0,0.9941571773335134,1.0005738406275428,9941.571773335134,10005.738406275428,19947.310179610562,1.0902371375805686,1.0419281861145626,10902.371375805686,10419.281861145626,21321.65323695131
2024-07-25 12:00:00,116.88700103759766,81.69989776611328,0.16753580198329132,0.048144307005399546,0.1963048787108903,0.09594187109088313,0,0,0,0,0,0,0.0,0.0,0.9941571773335134,1.0005738406275428,9941.571773335134,10005.738406275428,19947.310179610562,1.09357719700112,1.043956032171791,10935.771970011201,10439.560321717909,21375.332291729108
2024-07-25 12:30:00,116.9800033569336,81.6500015258789,0.23940202646822684,0.086395850897965,0.21767496026424737,0.12028848892555599,0,0,0,0,0,0,0.0,-0.0,0.9941571773335134,1.0005738406275428,9941.571773335134,10005.738406275428,19947.310179610562,1.0944473127093783,1.0433184612274,10944.473127093783,10433.184612274,21377.657739367784
2024-07-25 13:00:00,116.81999969482422,81.66059875488281,0.2802154198825093,0.12515976469487386,0.23278263832185075,0.14278731880481496,0,0,0,0,0,0,-0.0,0.0,0.9941571773335134,1.0005738406275428,9941.571773335134,10005.738406275428,19947.310179610562,1.0929503425179437,1.0434538719371491,10929.503425179437,10434.53871937149,21364.042144550927
2024-07-25 13:30:00,116.72000122070312,81.46009826660156,0.3010213008910796,0.16033207193411503,0.22597200367992798,0.15942425577983757,0,0,0,0,0,0,-0.0,-0.0,0.9941571773335134,1.0005738406275428,9941.571773335134,10005.738406275428,19947.310179610562,1.0920147718380306,1.0408918896101478,10920.147718380307,10408.918896101477,21329.066614481784
2024-07-25 14:00:00,116.36000061035156,81.40989685058594,0.28517376523281257,0.18530041059385455,0.21405618547569816,0.1703506417190097,0,0,0,0,0,0,-0.0,-0.0,0.9941571773335134,1.0005738406275428,9941.571773335134,10005.738406275428,19947.310179610562,1.08864666028677,1.0402504191492776,10886.466602867698,10402.504191492777,21288.970794360474
2024-07-25 14:30:00,115.9000015258789,81.28610229492188,0.2328126776767192,0.19480286401042748,0.1924056945735373,0.17476165228991525,0,0,0,0,0,0,-0.0,-0.0,0.9941571773335134,1.0005738406275428,9941.571773335134,10005.738406275428,19947.310179610562,1.0843429780555962,1.038668580289387,10843.429780555962,10386.68580289387,21230.11558344983
2024-07-25 15:00:00,116.42500305175781,81.56500244140625,0.23101636125500136,0.20204556345934227,0.19549884649711657,0.17890909113135553,0,0,0,0,0,0,0.0,0.0,0.9941571773335134,1.0005738406275428,9941.571773335134,10005.738406275428,19947.310179610562,1.0892548133494737,1.04223234839996,10892.548133494738,10422.3234839996,21314.87161749434
2024-07-25 15:30:00,115.62999725341797,81.1500015258789,0.16355705978917,0.19434786272530782,0.1625888629023109,0.1756450454855466,0,0,0,0,0,0,-0.0,-0.0,0.9941571773335134,1.0005738406275428,9941.571773335134,10005.738406275428,19947.310179610562,1.0818168587024168,1.0369294934274624,10818.168587024169,10369.294934274625,21187.463521298792
2024-07-26 09:30:00,117.55000305175781,81.94000244140625,0.26200328831126285,0.20787894784249886,0.19797183924016792,0.18011040423647087,1,1,1,0,1,0,0.0,0.0,0.9941571773335134,1.0005738406275428,9941.571773335134,10005.738406275428,19947.310179610562,1.0997801441022965,1.0470240742499133,10997.801441022964,10470.240742499132,21468.0421835221
2024-07-26 10:00:00,117.26499938964844,82.08000183105469,0.31341239700432766,0.22898563767486463,0.23460549749118798,0.1910094228874143,0,0,0,0,0,0,-0.0024245313033627314,0.001708559744656446,0.9917468121366055,1.0022833808131955,9917.468121366055,10022.833808131954,19940.30192949801,1.0971136927161036,1.048812977434863,10971.136927161037,10488.129774348628,21459.266701509667
2024-07-26 10:30:00,116.80999755859375,82.08999633789062,0.3138220951041717,0.24595292916072603,0.2614307972646088,0.2050936977628532,0,0,0,0,0,0,-0.0,0.0,0.9917468121366055,1.0022833808131955,9917.468121366055,10022.833808131954,19940.30192949801,1.092856764036112,1.0489406865995652,10928.56764036112,10489.406865995652,21417.97450635677
2024-07-26 11:00:00,116.72000122070312,82.0999984741211,0.3033875684264018,0.2574398570138612,0.2802663928859346,0.22012823678746948,0,0,0,0,0,0,-0.0,0.0,0.9917468121366055,1.0022833808131955,9917.468121366055,10022.833808131954,19940.30192949801,1.0920147718380306,1.0490684932521792,10920.147718380307,10490.684932521792,21410.8326509021
2024-07-26 11:30:00,117.3499984741211,82.37000274658203,0.34201115243098457,0.2743541160972859,0.3133685092768985,0.2387762912853553,0,0,0,0,0,0,0.0,0.0,0.9917468121366055,1.0022833808131955,9917.468121366055,10022.833808131954,19940.30192949801,1.097908931363003,1.0525185904573762,10979.089313630031,10525.185904573762,21504.275218203795
2024-07-26 12:00:00,117.33300018310547,82.37999725341797,0.3670182431520743,0.29288694150824357,0.3365293473447366,0.25832690249723156,0,0,0,0,0,0,-0.0,0.0,0.9917468121366055,1.0022833808131955,9917.468121366055,10022.833808131954,19940.30192949801,1.0977498979095166,1.0526462996220785,10977.498979095166,10526.462996220784,21503.96197531595
2024-07-26 12:30:00,117.54000091552734,82.54000091552734,0.39894102800536757,0.3140977588076684,0.36360403571607947,0.27938232914100114,0,0,0,0,0,0,0.0,0.0,0.9917468121366055,1.0022833808131955,9917.468121366055,10022.833808131954,19940.30192949801,1.0996865656204649,1.0546908161122561,10996.865656204649,10546.908161122561,21543.77381732721
2024-07-26 13:00:00,117.58000183105469,82.5999984741211,0.4225963766019305,0.33579748236652085,0.3854588926957945,0.3005976418519598,0,0,0,0,0,0,0.0,0.0,0.9917468121366055,1.0022833808131955,9917.468121366055,10022.833808131954,19940.30192949801,1.1000608081683236,1.0554574610521168,11000.608081683236,10554.574610521167,21555.182692204406
2024-07-26 13:30:00,117.30500030517578,82.40499877929688,0.4143764125934979,0.35151326841191627,0.3826334187458258,0.31700479723073305,0,0,0,0,0,0,-0.0,-0.0,0.9917468121366055,1.0022833808131955,9917.468121366055,10022.833808131954,19940.30192949801,1.0974879352639624,1.0529657675096575,10974.879352639624,10529.657675096576,21504.5370277362
2024-07-26 14:00:00,117.4000015258789,82.44000244140625,0.41079247648806927,0.3633691100271469,0.37885154845476166,0.3293741474755388,0,0,0,0,0,0,0.0,0.0,0.9917468121366055,1.0022833808131955,9917.468121366055,10022.833808131954,19940.30192949801,1.0983767523926933,1.053413042049851,10983.767523926932,10534.130420498512,21517.897944425444
2024-07-26 14:30:00,117.30999755859375,82.3499984741211,0.3961233499384207,0.36991995800940164,0.3643913444438027,0.33637758686919156,0,0,0,0,0,0,-0.0,-0.0,0.9917468121366055,1.0022833808131955,9917.468121366055,10022.833808131954,19940.30192949801,1.0975346888151445,1.0522629771521481,10975.346888151445,10522.62977152148,21497.976659672924
2024-07-26 15:00:00,117.58999633789062,82.4749984741211,0.4024523032700529,0.37642642706153195,0.3588810268347089,0.34087827486229505,0,0,0,0,0,0,0.0,0.0,0.9917468121366055,1.0022833808131955,9917.468121366055,10022.833808131954,19940.30192949801,1.1001543152706876,1.0538602191021325,11001.543152706876,10538.602191021324,21540.1453437282
2024-07-26 15:30:00,117.76000213623047,82.4749984741211,0.4163862500126072,0.384418391651747,0.35047401415711477,0.342797422721259,0,0,0,0,0,0,0.0,0.0,0.9917468121366055,1.0022833808131955,9917.468121366055,10022.833808131954,19940.30192949801,1.101744863943954,1.0538602191021325,11017.44863943954,10538.602191021324,21556.050830460867
2024-07-29 09:30:00,118.08999633789062,82.16089630126953,0.4488823411825109,0.39731118155789985,0.31483673386421174,0.3372052849498496,0,0,0,0,0,0,0.0,-0.0,0.9917468121366055,1.0022833808131955,9917.468121366055,10022.833808131954,19940.30192949801,1.1048322400497201,1.0498466417656542,11048.322400497202,10498.466417656542,21546.788818153742
2024-07-29 10:00:00,117.33000183105469,82.05999755859375,0.4086004309704947,0.39956903144041883,0.2752790022091318,0.3248200284017061,0,0,0,0,0,0,-0.0,-0.0,0.9917468121366055,1.0022833808131955,9917.468121366055,10022.833808131954,19940.30192949801,1.0977218457788074,1.0485573641296349,10977.218457788074,10485.573641296349,21462.79209908442
2024-07-29 10:30:00,117.0999984741211,82.06999969482422,0.35403626850234104,0.3904624788528033,0.24194728597116466,0.3082454799155978,0,0,0,0,0,0,-0.0,0.0,0.9917468121366055,1.0022833808131955,9917.468121366055,10022.833808131954,19940.30192949801,1.0955699689734868,1.0486851707822489,10955.699689734867,10486.851707822489,21442.551397557356
2024-07-29 11:00:00,117.03250122070312,82.12999725341797,0.3018675709284082,0.3727434972679243,0.21786158947915624,0.2901687018283095,0,0,0,0,0,0,-0.0,0.0,0.9917468121366055,1.0022833808131955,9917.468121366055,10022.833808131954,19940.30192949801,1.0949384748249258,1.0494518157221095,10949.384748249258,10494.518157221095,21443.902905470353
2024-07-29 11:30:00,117.16010284423828,82.19999694824219,0.2677336203370544,0.35174152188175034,0.20209229763257497,0.27255342098916263,0,0,0,0,0,0,0.0,0.0,0.9917468121366055,1.0022833808131955,9917.468121366055,10022.833808131954,19940.30192949801,1.0961322964180855,1.0503462673145842,10961.322964180856,10503.462673145843,21464.7856373267
2024-07-29 12:00:00,117.05999755859375,82.16999816894531,0.2299537944338681,0.3273839763921739,0.18504132820622488,0.2550510024325751,0,0,0,0,0,0,-0.0,-0.0,0.9917468121366055,1.0022833808131955,9917.468121366055,10022.833808131954,19940.30192949801,1.0951957264256282,1.049962944844654,10951.957264256282,10499.62944844654,21451.58671270282
2024-07-29 12:30:00,116.86620330810547,82.1449966430664,0.18227428926354605,0.29836203896644836,0.1675791497740704,0.2375566319008742,0,0,0,0,0,0,-0.0,-0.0,0.9917468121366055,1.0022833808131955,9917.468121366055,10022.833808131954,19940.30192949801,1.093382616572842,1.0496434769570746,10933.82616572842,10496.434769570746,21430.260935299164
2024-07-29 13:00:00,116.6500015258789,82.1050033569336,0.12559448589820477,0.26380852835279966,0.14879787433346792,0.21980488038739296,0,0,0,0,0,0,-0.0,-0.0,0.9917468121366055,1.0022833808131955,9917.468121366055,10022.833808131954,19940.30192949801,1.0913598652241447,1.0491324453224422,10913.598652241448,10491.324453224423,21404.92310546587
2024-07-29 13:30:00,116.62999725341797,82.17500305175781,0.07816017393817276,0.2266788574698743,0.1379715188109003,0.20343820807209442,0,0,0,0,0,0,-0.0,0.0,0.9917468121366055,1.0022833808131955,9917.468121366055,10022.833808131954,19940.30192949801,1.0911727082604816,1.0500268969149171,10911.727082604817,10500.26896914917,21411.996051753988
2024-07-29 14:00:00,116.69499969482422,82.16999816894531,0.045291204919976735,0.19040132695989478,0.127517756524,0.18825411776247555,0,0,0,0,0,0,0.0,-0.0,0.9917468121366055,1.0022833808131955,9917.468121366055,10022.833808131954,19940.30192949801,1.0917808613231854,1.049962944844654,10917.808613231855,10499.62944844654,21417.438061678396
2024-07-29 14:30:00,116.62999725341797,82.19499969482422,0.013837644637760604,0.15508859049546794,0.11986871683629374,0.1745770375772392,0,0,0,0,0,0,-0.0,0.0,0.9917468121366055,1.0022833808131955,9917.468121366055,10022.833808131954,19940.30192949801,1.0911727082604816,1.0502824127322332,10911.727082604817,10502.824127322332,21414.55120992715
